,First,Last,Gender,Birthdate
0,Akeelah,Medhurst,M,1956-04-08
1,Charissa,Wisoky,F,2000-04-06
2,Charle,Swaniawski,F,1967-01-30
3,Amaya,Wilkinson,M,1966-03-11
4,Benton,Murphy,F,2005-09-17
5,Sheena,Walker,M,1976-01-12
6,Paityn,Kunde,F,2006-04-30
7,Christin,Fritsch,M,1945-09-25
8,Oswaldo,Raynor,F,2006-03-14
9,Kittie,Cremin,M,2000-08-17
10,Jocelynn,Ritchie,F,2002-12-02
11,Carleigh,Lueilwitz,F,1956-03-13
12,Viva,Schamberger,F,1958-11-06
13,Faustino,Swaniawski,F,2007-02-08
14,Ramsey,Tillman,M,1999-04-10
15,Vick,Yundt,M,1940-05-20
16,Linwood,Schinner,M,1974-08-04
17,Keith,Ratke,,1994-10-17
18,Gracie,Littel,,1995-07-23
19,Mossie,Reilly,M,1988-07-04
20,Maryanne,Doyle,F,1971-10-09
21,Lulu,Crist,F,1961-09-19
22,Kit,Eichmann,F,1965-11-09
23,Rogers,Padberg,M,1957-10-29
24,Jazmine,O'Conner,F,1989-04-06
25,Reynaldo,Bogan,M,1948-12-21
26,Elyse,Grady,F,1985-09-24
27,Lizeth,Prosacco,M,1950-05-12
28,Hardy,Reichert,F,2004-08-03
29,Herma,Hauck,M,2001-03-19
30,Shameka,Kilback,M,1947-11-06
31,Shay,McCullough,M,1958-07-14
32,Dino,Cummerata,M,1947-10-12
33,Vincenza,Rath,F,1961-05-21
34,Chandler,Quitzon,F,2005-06-30
35,Clayton,Spinka,F,1966-08-01
36,Estie,Hessel,F,1981-04-24
37,Shelbi,Hamill,M,1999-07-04
38,Hollie,Schoen,M,1993-09-02
39,Deontae,Stokes,F,1973-01-24
40,Scot,Ortiz,M,1993-02-18
41,Lisle,DuBuque,M,1966-11-15
42,Pansy,Cormier,F,1974-04-02
43,Cherry,Jacobi,F,1950-06-28
44,Brodie,Hammes,M,1987-03-06
45,Blas,Lockman,M,1952-03-22
46,Delisa,Wiza,M,1961-03-19
47,Jettie,Simonis,F,1968-03-19
48,Ashlie,Balistreri,F,2006-08-29
49,Geri,Jacobs,M,1946-02-15
50,Squire,Murphy,M,1965-06-28
51,Sid,Wisozk,F,1999-09-19
52,Cristopher,Purdy,F,1997-12-19
53,Elder,Wolff,M,1959-09-19
54,Gonzalo,Orn,,1948-07-29
55,Jakayla,Kuphal,M,1956-07-09
56,Marcia,Rice,M,1999-08-22
57,Ewin,Labadie,M,1989-01-20
58,Kimberlie,Quigley,M,1949-03-27
59,Scarlet,Haley,F,1954-05-26
60,Laddie,Hoppe,M,1980-07-29
61,Isai,Nader,F,1982-12-27
62,Lutie,Ernser,M,1964-06-22
63,Ardyce,Feil,M,2001-08-11
64,Toya,Yost,F,1948-04-04
65,Neha,West,M,1969-07-16
66,Jazlynn,Tremblay,M,1945-08-15
67,Madaline,Kuhlman,F,1985-06-24
68,Bev,Gottlieb,M,1956-01-25
69,Abb,Gleason,F,1985-08-29
70,Gee,Hilpert,F,1959-03-11
71,Regina,Marvin,M,1963-03-21
72,Antone,Brown,M,1955-12-07
73,Roswell,Ferry,F,1951-08-07
74,Lemma,Hilll,F,1979-09-12
75,Christel,Kessler,F,1999-01-31
76,Cyndi,Larson,F,1986-05-01
77,Kami,McKenzie,F,1948-12-24
78,Andrea,Armstrong,M,2002-03-23
79,Ceil,Barrows,F,1998-03-11
80,Erasmo,Zulauf,M,1981-07-07
81,Damion,Price,F,1969-06-09
82,Dimitrios,Sawayn,M,1967-02-05
83,Yaritza,Stoltenberg,M,1971-05-04
84,Justice,Abbott,F,1972-05-23
85,Otho,Willms,F,1992-12-10
86,Latoya,Howe,F,1994-09-04
87,Thorwald,Hilpert,M,1996-04-18
88,Fran,Lesch,M,1972-02-14
89,Jaqueline,Howe,F,1947-02-26
90,Dakota,Altenwerth,M,1988-02-12
91,Ishmael,D'Amore,F,1966-01-13
92,Toby,Gleason,F,1969-02-02
93,Siddie,Rolfson,M,1953-11-05
94,Louisiana,Volkman,M,1964-12-03
95,Terry,Kutch,F,1981-08-19
96,Sylas,Roberts,M,1958-03-03
97,Sunshine,McCullough,F,1983-03-13
98,Othel,Farrell,M,1963-10-03
99,Jimena,Langworth,F,2000-03-25
100,Teddie,Romaguera,F,1987-03-24
101,Garett,Bergstrom,F,1944-01-10
102,Bonny,Blanda,F,1976-06-23
103,Elle,Runte,F,2006-11-21
104,Rollin,Kemmer,F,2000-01-28
105,Jazmine,Pfeffer,M,1982-09-25
106,Slade,Paucek,M,1997-06-10
107,Leslie,Auer,M,2007-01-16
108,Karri,Von,M,1969-01-28
109,Katina,O'Reilly,M,1986-11-09
110,Daunte,Friesen,F,1961-01-31
111,Elvera,Ankunding,M,1979-12-18
112,Rosita,Botsford,M,1995-06-13
113,Mitzi,Lemke,F,1981-03-02
114,Gregory,Hodkiewicz,M,1956-03-20
115,Brody,Ferry,F,1986-07-10
116,Tavares,Dietrich,M,1984-01-02
117,Mckinley,Hackett,M,1943-01-14
118,Delma,Stark,M,1969-01-31
119,Ada,Schneider,M,1987-11-02
120,Dereon,Donnelly,F,1992-10-29
121,Shiela,McLaughlin,F,1978-04-19
122,Jeanmarie,Abshire,M,1953-06-28
123,Orah,Fritsch,F,1975-03-26
124,Ingrid,Lehner,F,1988-05-25
125,Firman,Cartwright,F,1976-09-19
126,Amir,Swaniawski,M,1956-02-06
127,Cyntha,Herman,F,1944-08-21
128,Lorenz,Reinger,F,1982-05-08
129,Scotty,Greenfelder,M,1949-04-11
130,Littleton,Brakus,M,1998-06-01
131,Consuela,Barrows,M,1997-03-09
132,Kennedi,Kuvalis,M,1996-06-05
133,Aedan,O'Kon,M,1971-11-19
134,Jalisa,Schowalter,M,1979-10-26
135,Huy,Bauch,F,1982-10-13
136,Michaele,Dietrich,F,1944-10-02
137,Dakoda,Harber,M,1946-05-18
138,Beula,Hackett,F,1952-07-03
139,Windell,Schneider,M,2006-05-24
140,Allen,Bernhard,F,1974-06-01
141,Arnav,Konopelski,M,1996-04-27
142,Paloma,Littel,M,1988-02-29
143,Daxton,Bailey,M,1955-01-02
144,Ottilie,Jaskolski,M,1944-08-07
145,Edmond,Moore,F,1998-03-07
146,Lester,Leffler,M,1969-11-22
147,Forrest,D'Amore,M,1988-05-17
148,Wilfrid,Lindgren,M,1955-02-12
149,Jalynn,Leuschke,F,1957-04-26
150,Trayvon,Flatley,F,1981-11-18
151,Wiley,Flatley,F,1985-04-24
152,Lizzie,Torp,M,1985-12-13
153,Ala,Toy,,1998-03-20
154,Lera,West,F,1945-08-23
155,Clytie,Bechtelar,F,2005-11-01
156,Augustine,Cormier,F,1950-04-25
157,Rhona,Von,M,1996-04-02
158,Mercedes,White,F,1953-08-13
159,Anona,Runte,M,1949-10-25
160,Yasmine,Grady,F,1992-05-09
161,Morgan,Adams,F,1988-10-01
162,Eliana,Mueller,M,2001-06-15
163,Jerrilyn,Bruen,M,1960-05-05
164,Johnathan,Ratke,M,2006-01-23
165,Lynn,Johns,F,1970-09-09
166,Chase,Leuschke,M,1942-11-21
167,Emmaline,Heller,F,1956-07-12
168,Lurana,Hoeger,M,1943-04-04
169,Heath,Hills,M,1998-04-21
170,Claus,Kuhn,M,2001-11-28
171,Michial,Kshlerin,F,1962-03-02
172,Link,Kuphal,,1947-08-30
173,Daunte,Howell,M,2002-05-29
174,Jazmin,Mann,M,2002-12-01
175,Lamarcus,Deckow,M,1979-05-15
176,Fronie,Herman,M,1991-02-04
177,Georgine,Nader,F,1985-09-24
178,Karis,Casper,M,1963-05-27
179,Smith,Barrows,M,1982-08-07
180,Clell,Muller,M,1978-03-29
181,Cordie,Kovacek,F,1965-12-19
182,Len,Becker,M,1982-04-03
183,Rome,Bergstrom,M,1987-12-24
184,Con,Rempel,M,1959-09-20
185,Jeryl,Schumm,M,2002-04-02
186,Almira,Kirlin,M,1995-11-06
187,Knox,Goyette,F,1989-08-15
188,Ruthann,Champlin,F,1999-10-20
189,Kaleigh,Casper,F,1966-10-18
190,Ira,Osinski,F,1977-05-29
191,Eveline,Medhurst,F,1957-09-04
192,Elton,Koch,F,1945-03-13
193,Jenifer,Bergnaum,F,1941-07-20
194,Verdie,Will,M,1972-03-17
195,Gunner,Reichert,F,1969-08-15
196,Deonte,Ward,F,2006-02-23
197,Bethany,Zboncak,F,1957-05-10
198,Leo,Streich,M,1974-03-20
199,Johnathan,Kerluke,M,1948-08-17
200,Mora,Swaniawski,M,1968-04-03
201,Eda,Daniel,M,1952-04-07
202,Keyla,Hauck,M,2004-10-17
203,Rebeca,Harber,F,1981-08-29
204,Celeste,Monahan,M,1964-06-14
205,Annamarie,Welch,F,1982-05-03
206,Collin,Klein,M,1984-09-17
207,Wylie,Carter,M,1966-07-01
208,Zeb,Cronin,F,1944-10-01
209,Jaheem,Ziemann,M,1946-07-16
210,Imo,Harvey,F,1943-12-21
211,Ozzie,Welch,F,2000-11-09
212,Ashanti,Schuppe,F,1976-02-09
213,Stefani,Grady,F,2003-11-16
214,Dotty,Botsford,M,1979-08-12
215,Carmel,Braun,M,2005-12-17
216,Shafter,Grant,M,1945-08-04
217,Maxie,Medhurst,F,2003-12-14
218,Jayda,Hodkiewicz,M,1992-06-05
219,Farrah,Schumm,M,1967-12-11
220,Villa,Gerlach,M,1988-07-15
221,Samie,Homenick,F,1952-09-29
222,Magan,Brakus,M,1991-10-19
223,Marget,Schmitt,M,1996-09-25
224,Che,Kling,F,1989-07-14
225,Howell,Tromp,F,1999-04-27
226,Cornell,Bode,M,2006-01-07
227,Kamora,Zulauf,M,1997-09-21
228,Margueritte,Cormier,F,2000-08-10
229,Mack,Thompson,M,1962-08-26
230,Auston,Bartoletti,M,1983-08-12
231,Macy,Carroll,M,1972-12-02
232,Tiera,Reilly,M,1984-10-08
233,Judson,Larkin,M,2005-01-19
234,Makenna,Crist,M,1986-07-10
235,Joi,Ziemann,F,1967-07-23
236,Bettina,Sawayn,M,1970-01-14
237,Jamarion,Christiansen,F,2005-05-15
238,Alvan,Gottlieb,F,1943-03-17
239,Denisha,Kozey,F,1975-12-14
240,Love,Casper,F,1956-03-04
241,Sherlyn,Smith,F,1954-12-31
242,Gidget,Nienow,F,1984-06-07
243,Donovan,Gleichner,F,1966-03-13
244,Halle,Gleichner,M,1984-03-14
245,Rene,Fisher,F,2004-01-19
246,Darvin,Abbott,M,1951-08-13
247,Milan,Harris,F,1958-11-16
248,Teagan,Schuppe,F,2000-04-20
249,Leamon,Ortiz,M,1948-07-06
250,Orah,Kessler,M,1959-10-14
251,Liza,Schuster,M,1997-09-27
252,Brooklyn,Haag,F,1991-09-29
253,Alvy,Borer,M,2002-06-03
254,Leland,Bailey,F,1982-03-14
255,Kelby,Yost,F,1946-04-04
256,Elmo,Walker,F,1974-08-24
257,Dellar,Dickens,F,1955-02-10
258,Shawanda,Conn,F,1979-02-23
259,Shiloh,Okuneva,F,1960-06-25
260,Arthur,McClure,F,1959-03-07
261,Shannon,Langworth,M,1993-11-16
262,Fisher,Bins,M,1961-09-06
263,Dayse,Smitham,M,1955-12-11
264,Lorri,Greenholt,F,1990-10-22
265,Latrice,Stark,M,1994-03-09
266,Jocelyn,Keeling,F,1940-12-14
267,Arnetta,Jacobi,F,1951-10-21
268,Ellamae,Sawayn,M,2005-09-09
269,Chanel,Bode,F,1979-04-03
270,Mima,Boehm,M,1947-04-02
271,Robb,O'Kon,F,1986-10-15
272,Harrold,West,F,1972-01-26
273,Bernadine,Emard,F,1977-05-22
274,Falon,Gerhold,F,2005-04-18
275,Huey,Hegmann,M,1976-04-09
276,Hallie,McKenzie,M,2000-11-20
277,Vance,Rice,M,1984-11-21
278,Yosef,Stanton,F,1948-11-18
279,Madisyn,Reynolds,M,1999-01-03
280,Armando,Fisher,F,1977-08-22
281,Marnie,Bartoletti,M,1944-07-12
282,Akeem,Zulauf,M,1963-02-18
283,Julio,Ziemann,F,1973-03-06
284,Louis,Conroy,M,1988-08-05
285,Pandora,Labadie,M,1966-02-10
286,Davie,Satterfield,M,1951-10-18
287,Lisette,Volkman,F,1956-03-09
288,Deana,Tremblay,F,1999-10-22
289,Josephine,Koch,M,1944-04-15
290,Buelah,Greenfelder,F,1996-10-25
291,Kathaleen,Glover,M,1967-05-30
292,Spencer,Beatty,M,1963-04-23
293,Margaret,Boehm,F,1966-02-24
294,Camryn,Becker,M,1940-11-08
295,Treena,Hilll,F,1945-01-20
296,Deron,Sporer,M,1947-11-24
297,Georgie,Metz,M,1954-09-15
298,Deron,Hegmann,M,1946-08-26
299,Manie,Mertz,M,1986-09-16
300,Rennie,Barton,M,1997-05-08
301,Alvia,Zulauf,M,1946-12-05
302,Buel,Bins,F,1945-11-07
303,Colten,Littel,O,1957-05-10
304,Edris,Corwin,M,1964-06-01
305,Asher,Abernathy,F,1960-08-06
306,Tennie,Botsford,F,1943-04-12
307,Jamaal,Nienow,F,1960-03-10
308,Echo,Trantow,M,1959-10-22
309,Jaheim,Rippin,F,1955-02-10
310,Ara,Gleason,M,1943-04-30
311,Tyreek,Tromp,M,1942-02-05
312,Leaner,Wisozk,F,1977-06-25
313,Asberry,Hauck,M,1970-08-23
314,Tilla,Kertzmann,F,1960-11-10
315,Farris,Koelpin,F,1968-11-11
316,Marcelo,Hand,F,1990-04-16
317,Braxton,Kassulke,F,1989-03-31
318,Reyes,Hahn,F,2000-08-30
319,Abel,Daugherty,M,1988-12-10
320,Helma,Homenick,M,1995-02-14
321,Nallely,Collier,F,1982-03-19
322,Vinnie,Walker,F,1945-05-15
323,Kerrie,Casper,M,1988-07-17
324,Alanna,Hoppe,F,1986-06-11
325,Latrice,Thompson,M,1967-03-05
326,Christeen,Luettgen,F,1990-08-06
327,Brittany,Schmidt,F,1998-11-22
328,Neppie,Stamm,M,1975-04-15
329,Thalia,Swaniawski,F,1951-07-20
330,Helen,Krajcik,M,1982-06-06
331,Emmer,Champlin,M,1949-11-09
332,Nira,Hackett,F,1943-11-28
333,Washington,Doyle,M,1979-06-03
334,Chancy,Hartmann,F,1958-01-04
335,Ansel,Graham,M,1994-05-18
336,Ann,Schumm,M,1958-11-20
337,Refugio,Predovic,F,1949-05-24
338,Merrie,Weber,F,1970-06-07
339,Tamera,Prosacco,M,1999-05-05
340,Livia,Hauck,F,1943-11-26
341,Mercy,Von,F,1991-03-20
342,Devonta,Witting,M,1980-05-31
343,Chyna,O'Kon,F,1995-07-10
344,Delcie,Okuneva,F,1994-10-10
345,Ashanti,Fritsch,M,1998-08-03
346,Milas,Mohr,F,1940-05-22
347,Jamil,Harris,F,1974-03-16
348,Khari,Fahey,F,2005-06-29
349,Betha,Hirthe,M,1980-07-30
350,Caldonia,Auer,M,1951-09-19
351,Denisha,Gottlieb,M,1949-09-30
352,Jeramie,Ledner,M,1949-08-08
353,Lainey,Stracke,F,2004-03-14
354,Javion,Boyle,F,1944-09-05
355,Roxann,Ortiz,F,2000-05-18
356,Clair,Metz,M,2002-04-01
357,Amaris,Kirlin,F,1987-10-07
358,Waldemar,Kreiger,M,1941-07-24
359,Zechariah,Torphy,M,1989-05-17
360,Rosie,Feest,M,1991-06-08
361,Kolten,Kertzmann,M,1986-12-22
362,Brandon,Bergnaum,M,1993-11-20
363,Vernetta,Heathcote,M,1978-05-27
364,Ernst,Gorczany,F,1984-12-13
365,Christian,Parisian,M,1965-09-06
366,Devyn,Armstrong,M,1978-10-27
367,Taniyah,Lindgren,F,1969-04-20
368,Ivanna,Lindgren,M,1974-07-30
369,Elana,Crooks,F,1954-04-01
370,Amirah,Balistreri,F,2002-03-24
371,Beau,Miller,M,1948-06-15
372,Darvin,Kub,M,2003-03-16
373,Hilton,Gleason,F,2004-06-17
374,Garrison,Mills,F,1941-11-20
375,Benedict,Harvey,M,1974-12-24
376,Lindsey,Mills,F,2005-08-02
377,Darline,Powlowski,M,1986-05-22
378,Ali,Schneider,F,1992-01-14
379,Shayne,Swaniawski,M,1996-03-27
380,Melony,Conn,M,1997-01-31
381,Nell,Casper,M,1970-12-05
382,Alpha,Goldner,M,1982-07-27
383,Jarod,Bahringer,M,1960-12-19
384,Pernell,Wisozk,M,1945-01-05
385,Lorraine,Tremblay,M,1967-08-27
386,Gustavus,Gutkowski,F,1992-02-27
387,Taina,Crist,F,1979-07-20
388,Leamon,Toy,M,1986-04-09
389,Ian,Mohr,F,1995-12-11
390,Asbury,Kihn,F,1950-05-03
391,Bird,Mante,F,1999-07-11
392,Astrid,Ryan,F,1958-07-09
393,Bryton,Weber,M,2007-01-12
394,Ethel,Kozey,F,1977-02-27
395,Edris,Weimann,F,1994-06-27
396,Leighton,Bernhard,F,1962-10-20
397,Maya,Gottlieb,M,1978-09-30
398,Gertha,Durgan,M,2003-01-14
399,Denis,Keeling,M,1980-05-10
400,Dollie,Towne,,1984-02-08
401,Darion,Crona,M,2007-01-07
402,Ilona,Brown,F,1941-04-16
403,Lonna,Torp,F,1996-07-28
404,Fleta,Nicolas,F,1951-08-04
405,Lidie,Ondricka,F,2007-01-24
406,Latifah,Turner,F,1974-12-10
407,Norene,Schowalter,M,1977-04-17
408,Demian,Corkery,F,1980-09-24
409,Rahsaan,Graham,F,1971-07-09
410,Donnell,Buckridge,F,2001-02-14
411,Tanja,Daugherty,F,1956-12-27
412,Paris,Lakin,F,1941-09-09
413,Fabiola,Hilll,M,1962-04-21
414,Stefanie,Powlowski,M,1987-11-13
415,Dani,Swaniawski,F,1981-12-13
416,Jaiden,Langosh,M,1988-10-25
417,Karla,Skiles,F,1995-02-19
418,Buren,Streich,M,1971-05-29
419,Autumn,O'Keefe,M,1980-01-24
420,Arrie,Schuppe,F,1959-10-18
421,Octavie,Breitenberg,F,1972-05-01
422,Colton,Johnston,M,1989-03-11
423,Lilyana,Kertzmann,F,1959-07-24
424,Leora,Dibbert,M,1948-06-16
425,Kendall,Stroman,M,1941-10-26
426,Elick,Hammes,M,1969-07-28
427,Danita,Metz,F,1967-03-24
428,Michial,Koelpin,M,2007-10-17
429,Montana,Kovacek,F,1988-03-05
430,Durwood,Collins,F,1964-05-24
431,Wendel,Graham,M,1985-10-03
432,Makaila,Bayer,M,1997-06-28
433,Orson,Lockman,F,1968-02-29
434,Jasen,Wiza,M,1967-01-04
435,Leland,Connelly,M,1948-02-01
436,Antoine,Beatty,M,1960-11-09
437,Gracelyn,Jaskolski,O,1942-12-08
438,Alfreda,Schaden,M,1985-06-02
439,Francis,Streich,F,1981-03-18
440,Vickey,Shields,F,1950-01-27
441,Karel,Christiansen,F,1999-01-03
442,Pheobe,Pacocha,F,1982-04-03
443,Diane,Schaden,F,1982-10-05
444,Brigette,Hyatt,M,2004-07-09
445,Sanai,Murazik,M,1958-11-07
446,Danniel,Hand,F,1961-04-26
447,Margene,Witting,M,1948-09-11
448,Kelly,Hintz,M,1959-07-18
449,Brooklyn,Abshire,M,1969-10-14
450,Petra,Gulgowski,M,1949-02-06
451,Chana,Weissnat,M,1966-11-02
452,Jeryl,Denesik,F,1995-05-17
453,Jacob,Mante,F,1998-10-13
454,May,Conroy,M,1977-11-14
455,Ervin,Hessel,F,1979-07-24
456,Wiliam,Strosin,F,2001-04-23
457,Lalla,Strosin,M,1993-11-30
458,Verdie,Brown,M,1973-06-14
459,Lashonda,Lockman,F,1967-05-09
460,Sanders,Kozey,M,1994-08-24
461,Nolia,Will,M,1969-02-15
462,Samuel,Crooks,F,1998-02-02
463,Anneliese,Dach,F,1976-06-23
464,Sonia,Reinger,F,1998-11-11
465,Gerry,Sipes,F,2001-05-04
466,Epsie,Gleichner,F,1976-11-24
467,Tilden,West,F,1974-06-20
468,Lucille,Davis,F,1974-08-24
469,Jovan,Wiza,F,1974-06-13
470,Ivan,White,F,1981-03-05
471,Haleigh,Mayer,M,1946-03-01
472,Jazmyne,Emmerich,M,1946-09-10
473,Marlana,Steuber,F,1970-02-16
474,Orlena,Metz,O,1955-07-06
475,Winston,Hettinger,M,1999-11-12
476,Latarsha,Maggio,M,1950-05-24
477,Signa,Lemke,M,1964-08-10
478,Lauren,Roob,M,1944-05-20
479,Jairo,Wilderman,F,1952-12-04
480,Maliah,Steuber,M,2000-06-23
481,Orlando,Kihn,M,1951-09-25
482,Elayne,Maggio,F,1997-03-04
483,Sue,Medhurst,F,1973-10-29
484,Zoey,Gorczany,F,1947-12-04
485,Elianna,Roob,M,1964-02-24
486,Jule,Upton,F,1947-07-22
487,Marti,Brown,F,1962-08-26
488,Trilby,Botsford,M,1949-03-15
489,Orla,Roberts,M,1964-02-18
490,Tamica,Senger,F,1967-12-23
491,Brianna,Zemlak,F,1993-08-17
492,Madalyn,Altenwerth,M,1969-01-09
493,Freddie,Runolfsdottir,M,1971-11-28
494,Dion,Sauer,F,1946-09-10
495,Osborn,Hoeger,M,1966-12-25
496,Basil,Runte,M,1996-08-18
497,Samir,Vandervort,F,1942-06-18
498,Bettina,Schroeder,F,1945-08-30
499,Neola,Larkin,M,1964-10-08
500,Dontae,Yost,F,1967-07-19
501,Carolee,Watsica,M,1991-12-07
502,Adalynn,Corwin,F,2000-11-06
503,Joni,Johns,F,1946-12-29
504,Levon,Homenick,M,1941-04-25
505,Ciji,Rempel,F,1999-11-29
506,Clarke,Powlowski,M,1959-02-11
507,Laurette,Langworth,F,2007-09-10
508,Burnice,Kilback,F,1950-04-14
509,Annamae,Roob,F,1978-09-15
510,Earl,Bins,M,1964-03-31
511,Sim,Howell,M,1971-04-06
512,Martha,Abernathy,M,1955-10-20
513,Joe,Strosin,F,1992-03-25
514,Tempie,Senger,,1997-04-28
515,Romona,Stoltenberg,M,1957-09-03
516,Novella,Stamm,M,1997-01-18
517,Rossie,Labadie,F,1963-07-19
518,Orrie,Beier,M,1947-07-15
519,Lauretta,Olson,F,1943-11-17
520,Lesa,Terry,M,1976-09-22
521,Ura,McDermott,F,1968-07-22
522,Rella,Gibson,M,1999-01-19
523,Emery,Leffler,F,1988-07-29
524,Conrad,Connelly,F,1995-12-29
525,Emerson,Muller,M,1966-11-28
526,Wilbert,Nitzsche,M,1947-10-16
527,Omar,Zulauf,F,1983-01-22
528,Kanesha,Corwin,M,1953-08-14
529,Kenisha,Legros,M,1978-09-28
530,Ciji,Hermann,F,1972-11-15
531,Ricci,Torp,M,1944-01-28
532,Joselin,Maggio,M,1942-07-07
533,Velia,Cummings,F,2005-02-11
534,Wardell,Wilderman,F,1962-05-07
535,Carey,Reinger,M,1971-09-05
536,Nicky,Bednar,F,1990-07-14
537,Aria,Jerde,M,1965-03-03
538,Merle,Nienow,M,1986-04-28
539,Richelle,Rippin,F,1952-12-01
540,Luca,Beahan,M,1944-05-09
541,Baker,Emmerich,F,1975-09-28
542,Hellen,Treutel,F,1964-12-19
543,Vern,Runolfsdottir,M,1994-02-16
544,Victor,Zboncak,F,1941-04-21
545,Baylee,Reichert,M,1985-02-25
546,Cortney,Reichert,F,1942-08-05
547,Alys,O'Reilly,F,1959-06-12
548,Nana,Littel,M,1995-07-03
549,Sidney,Kertzmann,M,1987-06-01
550,Linn,Howe,M,1995-09-15
551,Leann,Goodwin,M,1956-05-08
552,Shavonne,McCullough,M,1995-10-26
553,Adelbert,Wolf,M,2001-01-29
554,Shara,Kulas,M,1996-04-30
555,Hobart,Koch,F,2001-06-24
556,Lemuel,White,M,1988-03-04
557,Derek,Collins,F,1964-04-01
558,King,Carter,F,1986-06-20
559,Maximus,Barrows,F,1945-01-15
560,Nicky,Rodriguez,M,1968-02-13
561,Garold,Bosco,F,2003-08-09
562,Cecelia,Schaefer,F,1971-10-31
563,Chante,Grant,M,1990-11-24
564,Deven,Strosin,M,1989-06-22
565,Khloe,Jakubowski,M,1964-10-15
566,Claudio,Runolfsdottir,M,1989-01-03
567,Green,Bailey,M,1991-10-02
568,Jonnie,Stamm,M,1946-04-10
569,Maebelle,Ward,M,1955-10-10
570,Neely,Block,M,1965-07-15
571,Garry,Bauch,F,1977-04-19
572,Ruffus,Hyatt,M,1981-05-05
573,Trula,Feil,F,1998-02-16
574,Hildred,Carter,M,2002-08-11
575,Jamie,Mohr,F,1967-05-29
576,Fay,Koelpin,F,1954-06-28
577,Rosa,Feest,M,1970-10-01
578,Cosmo,Turner,F,1993-06-05
579,Teagan,Prosacco,F,1954-11-09
580,Nyasia,O'Connell,M,2006-06-02
581,Penni,Stehr,M,1994-07-12
582,Marilee,Pfannerstill,F,2007-11-21
583,Taniyah,Hilpert,F,1966-09-01
584,Christ,Boyer,F,1944-03-10
585,Lennie,Lubowitz,M,2007-11-03
586,Humphrey,Kihn,F,1958-09-24
587,Chadwick,Kunde,M,1943-01-07
588,Judie,Konopelski,M,1942-04-06
589,Domenico,Feest,O,1952-07-20
590,Keyshawn,Larson,F,1959-05-07
591,Iliana,Okuneva,F,1991-02-28
592,Vincenza,Tremblay,F,1990-03-22
593,Encarnacion,Ziemann,M,1989-06-16
594,Emilia,Hettinger,M,1999-09-27
595,Lonzo,Grady,F,1957-06-08
596,Elwin,Yundt,F,1974-12-13
597,Herminia,Thompson,F,2002-12-13
598,Marietta,Waelchi,F,1997-05-12
599,Libby,Kuvalis,F,1961-06-19
600,Nanci,Wyman,F,2006-06-15
601,Barbra,Homenick,F,1947-02-03
602,Demarcus,Schiller,M,1950-07-26
603,Buel,Boyle,M,1994-10-09
604,Elizabeth,Crist,F,1987-06-26
605,Chandler,Considine,F,1997-01-27
606,Kameron,Bogisich,M,1989-12-23
607,Micayla,Feil,F,1993-09-10
608,Katlin,Halvorson,F,1995-05-31
609,Giuliana,Zemlak,M,1964-07-10
610,Asha,Parisian,F,1988-09-12
611,Lucas,Prohaska,M,1987-07-21
612,Idell,Howell,M,1987-10-08
613,Olof,Feest,F,2002-07-06
614,Katherine,Connelly,F,2002-08-14
615,Avery,Hodkiewicz,F,1955-08-17
616,Adrain,Howell,M,1966-11-07
617,Jennie,Walsh,F,1948-02-19
618,Estie,Considine,F,1966-08-09
619,Brady,Streich,F,1958-12-04
620,Robbin,Jakubowski,F,1977-11-07
621,Alannah,Swift,F,1998-02-27
622,Heber,Schmitt,F,1982-04-08
623,Toni,Haley,M,1944-07-05
624,Eathel,Brekke,M,2004-01-15
625,Attilio,McClure,M,1979-12-29
626,Ethelyn,Vandervort,F,1995-11-08
627,Kit,Hamill,F,1955-05-07
628,Erle,Bernhard,F,1971-08-08
629,Charlene,Schoen,M,1981-11-14
630,Kyler,Russel,F,2001-05-27
631,Chelsey,Boehm,M,1962-04-09
632,Hettie,Larson,M,1943-10-04
633,Areli,Farrell,M,2001-10-29
634,Bethel,Bernhard,F,1966-02-22
635,Michal,Jacobson,M,1978-10-04
636,Jakobe,Zboncak,M,1970-06-01
637,Devyn,Bartoletti,M,1993-09-22
638,Gregory,Heller,F,1981-01-26
639,Bryson,Hartmann,M,1968-02-18
640,Mark,Hoppe,F,1945-02-17
641,York,Wilkinson,M,2000-01-06
642,Kenzie,Hahn,M,1959-08-10
643,Christine,Koepp,M,1946-11-28
644,Aiyanna,Davis,F,1972-01-14
645,Nettie,Romaguera,F,1959-08-24
646,Collis,Leffler,F,1998-04-05
647,Zena,Klein,F,1979-11-07
648,April,Rempel,M,1948-03-20
649,Madalynn,Hagenes,M,1960-08-01
650,Ty,Murray,F,1957-10-12
651,Verla,Roob,M,1983-03-05
652,Grove,Macejkovic,M,1984-10-23
653,Camila,Koss,O,1956-07-06
654,Rowan,Friesen,M,1981-04-18
655,Fleda,Metz,F,1941-10-06
656,Kaylah,Abshire,F,1966-03-20
657,Damaris,Wintheiser,F,1993-07-17
658,Johanna,Larkin,O,1978-08-13
659,Elyse,Sawayn,M,2001-07-23
660,Jade,Jacobs,M,1981-10-12
661,Lawton,Hessel,F,1962-05-16
662,Glenwood,Tillman,F,1978-02-24
663,Briana,Bogan,F,1998-12-31
664,Jarvis,Bins,M,2004-12-14
665,Else,Davis,F,1969-03-31
666,Essie,Murazik,M,1950-03-26
667,Erving,Lockman,M,1974-05-21
668,Lue,Runolfsdottir,M,1942-12-30
669,Diamond,Hahn,F,1972-03-26
670,Derrek,Johnston,F,2007-06-02
671,Marlee,Trantow,M,1960-11-09
672,Jaylan,Kohler,M,1987-03-23
673,Payten,Kshlerin,F,1978-12-31
674,Addison,Parker,F,1942-04-29
675,Jaiden,Schulist,F,1988-06-04
676,Shianne,Heidenreich,F,1949-04-22
677,Everette,Bartell,F,1959-10-23
678,Giovani,Heathcote,M,1989-08-26
679,Penni,Ondricka,F,1940-02-10
680,Robyn,Lebsack,M,1943-11-26
681,Nonie,Lockman,F,1953-10-01
682,Dorian,Huel,F,1996-08-18
683,Linzy,Bogan,F,1972-02-22
684,Crista,Sauer,F,2001-04-22
685,Shaniece,Shields,M,1947-10-23
686,Elonzo,Roberts,M,1980-10-23
687,Courtland,Kilback,M,1991-04-29
688,Larue,Kohler,F,1965-03-18
689,Ora,Brown,,1978-09-03
690,Salomon,Effertz,F,1995-03-15
691,Antionette,Moore,F,1946-11-23
692,Talon,Berge,M,1973-10-07
693,Mikayla,Braun,M,1978-08-16
694,Pansy,Dare,F,1960-04-15
695,Mabelle,Flatley,F,2000-02-09
696,Leamon,Leuschke,M,1984-12-05
697,Maggie,Predovic,M,2001-12-29
698,Kaelynn,Emmerich,F,1959-10-04
699,Randall,Yost,F,1970-06-27
700,Sol,Beatty,M,1995-09-18
701,Domingo,Rolfson,F,1970-03-14
702,Cole,White,F,1969-06-04
703,Lovett,Shields,F,1961-09-06
704,Suzanne,Corwin,F,1948-02-04
705,Wilkie,Willms,M,1947-09-07
706,Dalia,Mosciski,F,1978-10-14
707,Jarred,Stroman,M,1972-10-19
708,Justina,Schowalter,F,1996-09-01
709,Florance,Aufderhar,F,1946-07-11
710,Ebenezer,Bradtke,F,1956-09-22
711,Willis,Roob,M,1957-12-27
712,Elden,Smitham,F,1948-08-31
713,Enola,Lang,M,1973-11-28
714,Isla,Swift,M,1947-03-17
715,Earline,Crooks,F,1940-01-07
716,Aldo,DuBuque,M,2003-01-13
717,Sasha,Stark,F,1981-11-26
718,Darrel,Corkery,M,1963-06-30
719,Felicity,Reynolds,M,1958-09-27
720,Ragna,Donnelly,O,1967-11-21
721,Edla,Koepp,F,1944-06-30
722,Raul,Miller,F,1996-10-23
723,Ola,Nicolas,F,1954-06-19
724,Juston,Muller,F,1981-12-08
725,Eithel,Blanda,M,1998-11-26
726,Brande,Mayer,F,1989-05-28
727,Lassie,Wiegand,F,1953-02-11
728,Vaughn,Kozey,F,1948-11-20
729,Betha,McGlynn,M,1949-01-28
730,Wayde,Pouros,M,1977-06-08
731,Adelina,Senger,F,1953-12-14
732,Gaston,Ward,M,1995-05-20
733,Starr,Ziemann,F,1996-06-06
734,Linnie,Streich,M,1974-04-30
735,Christopher,Robel,F,1967-07-09
736,Ethel,Heathcote,F,2002-12-24
737,Ahmad,Mante,F,1981-07-24
738,Alonso,Bailey,F,1956-03-30
739,Maci,Barrows,F,1950-06-21
740,Derl,Fritsch,M,2003-03-17
741,Phylis,Lowe,M,1980-03-15
742,Illa,Wolf,M,1997-04-29
743,Monroe,Effertz,F,1985-06-08
744,Messiah,Roob,M,1944-04-16
745,Jasper,Heaney,F,1995-05-10
746,Alvaro,Kautzer,F,1968-10-13
747,Ell,Murray,F,1968-10-24
748,Rene,Bartoletti,M,1947-12-12
749,Conner,Olson,M,1989-05-23
750,Elmina,Haag,F,1978-12-07
751,Abagail,Satterfield,M,1953-02-19
752,Chet,Pfeffer,F,1955-08-25
753,Jett,Cassin,M,1984-03-06
754,Manie,Gorczany,M,2000-09-14
755,Duke,Olson,M,1973-06-14
756,Zariah,Bednar,F,1998-01-17
757,Lyla,Hilll,M,1955-01-04
758,Gottlieb,Marquardt,F,1990-02-03
759,Breonna,Senger,M,1992-04-15
760,Lorenzo,Haag,F,1950-04-01
761,Tennille,Ziemann,F,1988-03-31
762,Estevan,Borer,F,2000-03-08
763,Boston,Ledner,M,1964-08-28
764,Maribel,Crooks,F,1992-09-10
765,Irene,Nolan,F,1988-03-27
766,Angeles,Ferry,M,1992-10-30
767,Frona,Mayer,M,1996-12-28
768,Deanne,Purdy,F,1969-05-21
769,Jamar,Rosenbaum,F,1945-02-22
770,Florrie,Welch,F,1959-10-27
771,Jaquelin,Littel,F,1946-02-16
772,Dara,Robel,F,2005-04-01
773,Brigette,Harvey,M,1977-11-03
774,Kiya,Walter,F,1940-03-08
775,Lesa,Lind,M,1952-01-24
776,Hermine,Johnston,M,1970-02-28
777,Aliyah,Jast,M,1977-07-19
778,Zachery,Kunze,F,1971-08-13
779,Nile,Bartell,M,1951-03-18
780,Sadie,Bernier,F,1975-11-22
781,Lori,Ryan,F,1968-10-14
782,Bertha,Quitzon,F,1998-10-25
783,Desirae,Howell,M,1941-11-11
784,Maliah,Spinka,F,1957-04-07
785,Madalynn,Kemmer,F,1953-02-08
786,Latoria,Batz,M,1984-08-24
787,Annalise,Feeney,F,1975-08-18
788,Infant,Ebert,F,2002-05-11
789,Birtha,Kemmer,F,1993-11-08
790,Hartwell,Rau,F,1995-12-13
791,Juwan,Heidenreich,F,1964-12-02
792,Dan,Reichert,M,1976-01-06
793,Reed,Rippin,M,1990-05-14
794,Peter,Block,F,1951-02-02
795,Bennie,Hintz,F,1988-07-02
796,Phebe,Emmerich,M,1947-08-24
797,Gabriel,Howell,M,1956-03-16
798,Lem,Powlowski,F,1954-01-05
799,Assunta,Kilback,F,1957-04-21
800,Dickie,Smith,F,1972-10-03
801,Haruko,Keebler,F,1976-05-23
802,Kolby,Schiller,M,1965-03-23
803,Nonie,Pagac,M,1970-03-30
804,Magnolia,Littel,,1996-10-06
805,Malvina,Lind,F,1971-02-23
806,Shoji,Lind,F,1968-11-17
807,Buel,Feeney,M,1964-06-22
808,Fannye,Dibbert,,1962-10-01
809,Rolla,Raynor,M,2005-04-24
810,Vivienne,Harvey,M,2003-04-17
811,Philomene,Marks,M,1982-09-24
812,Kimber,Beier,M,1946-01-24
813,Uriel,Carroll,M,1955-09-06
814,Arlie,Raynor,F,1968-04-04
815,Raoul,Conn,F,1980-10-09
816,Dayana,Legros,F,1978-06-26
817,Maude,Lehner,F,1971-10-10
818,Fronnie,Willms,M,1952-04-13
819,Verda,Miller,M,1950-12-26
820,Alana,Aufderhar,F,1944-12-14
821,Vanessa,Ondricka,M,1949-07-27
822,Florencio,Pacocha,M,1945-03-04
823,Lucious,Terry,M,2004-01-03
824,Ednah,Rowe,F,1940-07-05
825,Hassie,Jakubowski,F,2003-12-05
826,Caroline,Douglas,F,1977-06-22
827,Jillian,Treutel,M,1957-04-23
828,Chet,Wyman,M,1980-09-11
829,Gaither,Simonis,M,1995-07-12
830,Madlyn,Koelpin,M,1993-09-09
831,Rylie,Vandervort,M,1940-01-31
832,China,Hegmann,F,1969-02-09
833,Tate,Davis,F,1977-06-12
834,Marion,Jacobs,M,1999-06-17
835,Concetta,Kris,M,1970-10-07
836,Margarito,Bergstrom,M,1956-03-05
837,Louella,Schumm,M,1947-05-16
838,Marty,Cartwright,M,1981-09-11
839,Weston,Kutch,F,1963-10-08
840,Lacey,Kerluke,M,2004-08-03
841,Cecil,Kreiger,M,1944-05-05
842,Luana,Hodkiewicz,M,1941-10-29
843,Christin,Weissnat,M,1945-03-22
844,Gilford,Yundt,M,1984-08-29
845,Andrae,Barrows,F,1985-07-30
846,Kaylee,Leuschke,F,1950-11-22
847,Obe,Mitchell,M,1984-10-13
848,Alia,Monahan,M,1951-07-14
849,Jaylah,Renner,F,1997-01-06
850,Auther,Morissette,M,1996-08-11
851,Cherryl,Stamm,F,1989-06-03
852,Keandre,Christiansen,M,2004-06-05
853,Ossie,Romaguera,M,1980-11-07
854,Tobe,Upton,F,1995-09-15
855,Kathern,Bogisich,F,1950-05-15
856,Elnora,Leuschke,M,1980-08-21
857,Paxton,Fay,F,1972-11-16
858,Jovani,Kozey,M,1994-05-11
859,Colette,Dare,F,1996-02-19
860,Easton,Hayes,F,1940-02-01
861,Arnulfo,Hagenes,F,1984-07-04
862,Jamel,Schuster,F,1943-02-11
863,Melton,Monahan,F,1980-01-20
864,Nikia,Dicki,F,1941-05-18
865,Jaylynn,Skiles,M,1967-04-12
866,Murdock,Reinger,M,1961-06-14
867,Tyreek,Reilly,F,2006-08-23
868,Amani,Price,F,1979-09-06
869,Linda,Dooley,F,1972-08-03
870,Whitney,Wisozk,F,1950-09-02
871,Dicy,Baumbach,F,1963-05-20
872,Shawn,Kerluke,F,1998-06-25
873,Dustyn,Konopelski,F,1986-12-11
874,Vessie,Bradtke,M,1960-09-21
875,Franklyn,Hahn,M,1970-10-22
876,Huston,Runolfsson,F,1948-05-17
877,Telly,Murazik,M,1942-03-19
878,Maegan,Gaylord,M,2006-01-10
879,Fulton,Pagac,F,1995-02-05
880,Azaria,Hermann,F,1996-11-30
881,Carlyle,Rohan,F,1940-12-01
882,Mamie,Schiller,M,1981-10-29
883,Arietta,Jones,F,1984-05-19
884,Gabriela,Wunsch,M,1990-09-07
885,Nia,Runolfsson,M,1962-09-23
886,Pink,Kirlin,F,1951-01-08
887,Kellie,Koelpin,F,1949-01-01
888,Derald,Farrell,F,1968-08-12
889,Keegan,Zieme,F,1995-06-18
890,Jaylen,O'Conner,M,1945-06-04
891,Codie,Sauer,F,1978-09-10
892,Marry,Cole,M,1945-09-28
893,Sabastian,Shanahan,F,1983-02-25
894,Chelsy,Kihn,M,1953-05-05
895,Deann,Torp,M,1964-12-06
896,Gayle,Koepp,F,1999-03-30
897,Elenora,Erdman,F,1946-03-10
898,Leonia,Hermiston,F,1972-04-12
899,Rigoberto,Bruen,F,1943-09-13
900,Jovany,Pollich,F,1971-03-12
901,Fannye,Feil,M,2007-12-19
902,Tiesha,Terry,F,1972-12-24
903,Daja,Marvin,M,1946-09-06
904,Leonia,Bechtelar,F,1951-11-27
905,Loring,Konopelski,F,1980-08-10
906,Brittnee,Rippin,F,1971-01-07
907,Ottie,Reynolds,M,2005-09-05
908,Deven,Rosenbaum,F,2005-11-07
909,Marlyn,Greenholt,M,1994-05-03
910,Edsel,Farrell,M,1958-10-27
911,Nayeli,Bruen,M,1976-12-25
912,Ona,Blick,F,1987-03-12
913,Alyvia,Lynch,F,1946-03-07
914,Shannon,Kassulke,M,1964-12-02
915,Nikole,Hoeger,F,1949-11-10
916,Will,D'Amore,F,1940-01-19
917,Rinda,Becker,F,1988-12-11
918,Libbie,Jacobson,M,1947-11-11
919,Cara,Sawayn,M,1964-07-10
920,Shelby,Mohr,F,1973-03-29
921,Meagan,Homenick,M,2001-10-16
922,America,Hahn,F,1998-12-04
923,Besse,Bosco,M,1966-12-07
924,Yuliana,Ondricka,M,1945-10-14
925,Marland,Stroman,F,1965-07-06
926,Milas,Erdman,F,1948-11-26
927,Peyton,Schamberger,F,1980-12-30
928,Abdiel,Gleichner,F,1943-09-09
929,Hadley,Ward,M,1971-01-17
930,Amberly,Kirlin,O,2007-09-16
931,Laurance,Gutmann,M,1995-05-10
932,Armando,Erdman,F,1997-04-26
933,Zelpha,Bergnaum,M,1942-06-12
934,Jensen,Larkin,F,1993-09-21
935,Chuck,Waters,M,1955-09-28
936,Isa,Shanahan,F,1980-08-12
937,Orange,Graham,M,1959-12-17
938,Gauge,Bergstrom,M,1970-04-03
939,Levie,Runolfsson,O,1942-01-13
940,Trudi,Ferry,M,1974-10-25
941,Helena,Macejkovic,M,1940-10-08
942,Brandin,Stokes,F,2006-12-23
943,Jaylynn,Schumm,M,1949-05-17
944,Carson,Trantow,F,1961-08-14
945,Dayna,Ullrich,M,1960-12-14
946,Unknown,Terry,F,1993-03-10
947,Deondre,Ziemann,F,1972-06-26
948,Unnamed,Metz,F,1994-08-30
949,Corwin,Ankunding,M,1976-07-09
950,Shantel,Mayer,F,1979-07-08
951,Gaines,Von,F,1943-01-01
952,Jakayla,Upton,F,1959-10-27
953,Dwan,Kessler,F,2005-12-14
954,Ishmael,Langworth,F,1986-03-24
955,Djuana,Beer,F,1959-10-04
956,Butch,Kling,M,1972-11-18
957,Ali,Farrell,M,1976-02-16
958,Luverne,Kessler,M,1960-06-06
959,Tiffanie,Padberg,F,1949-09-21
960,Marilou,Moore,F,1980-07-15
961,Paula,Spinka,F,2002-05-20
962,Dillie,Waelchi,F,1999-12-29
963,Odie,Langosh,M,1979-04-22
964,Asa,Turner,M,1940-01-21
965,Eulalie,Treutel,F,1957-10-25
966,Menachem,Dickinson,M,1988-03-26
967,Emmit,Ledner,M,1985-11-09
968,Calhoun,Beer,M,1955-09-08
969,Rodger,Ortiz,F,1955-05-10
970,Salvatore,Cruickshank,M,1943-04-16
971,Tracy,Grant,F,2001-08-23
972,Bennie,Jacobi,F,1963-08-29
973,Geneva,West,F,1993-04-16
974,Agnes,O'Reilly,M,1944-08-31
975,Tomasa,Abbott,F,1980-07-10
976,Adelina,Reinger,F,1966-02-23
977,Thorwald,Nienow,M,1948-10-10
978,Admiral,Schowalter,F,1993-03-12
979,Viola,Monahan,F,2006-01-06
980,Malvina,Kshlerin,M,1978-10-02
981,Hurley,Legros,F,1976-04-14
982,Hailie,Koepp,F,1959-09-18
983,Adda,White,F,1954-04-11
984,Otha,Johnston,F,1993-02-17
985,Elby,Swaniawski,F,1978-05-31
986,Clive,Stamm,M,1969-03-19
987,Joann,Jacobson,F,1998-06-28
988,Marina,Monahan,F,1999-01-10
989,Buford,Hermann,F,1977-08-10
990,Kenya,Trantow,M,1965-09-07
991,Gwendolyn,Lebsack,M,1940-05-16
992,Korey,Runte,F,1977-01-23
993,Oneta,Schumm,M,1954-03-05
994,Lalla,Halvorson,F,1985-03-25
995,Eduardo,Mante,M,1979-06-21
996,Lamont,Klocko,F,1954-05-03
997,Heber,Nitzsche,F,1941-07-23
998,Tamya,Russel,M,1983-10-17
999,Cruz,Wyman,M,1991-05-15
