Player, YearlySalary
Aaron Rodgers,22
Russell Wilson,21.9
Ben Roethlisberger,21.85
Philip Rivers,20.813
Cam Newton,20.76
Matt Ryan,20.75
Joe Flacco,20.1
Drew Brees,20
Ryan Tannehill,19.25
Ndamukong Suh,19.063
Colin Kaepernick,19
Jay Cutler,18.1
Tony Romo,18
Matt Stafford,17.667
Alex Smith,17
Peyton Manning,17
Justin Houston,16.833
JJ Watt,16.667
Carson Palmer,16.5
Eli Manning,16.25
Calvin Johnson,16.207
Mario Williams,16
Andy Dalton,16
Marcell Dareus,15.85
AJ Green,15
Jason Pierre Paul,14.813
Robert Quinn,14.254
Julio Jones,14.25
Darrelle Revis,14.024
Patrick Peterson,14.01
Dez Bryant,14
Demaryius Thomas,14
Richard Sherman,14
Adrian Peterson,14
Gerald McCoy,13.6
Joe Haden,13.5
Trent Williams,13.2
Clay Matthews,13.2
Sam Bradford,13
TY Hilton,13
Charles Johnson,12.667
Luke Kuechly,12.359
Nick Foles,12.25
Tyron Smith,12.2
Haloti Ngata,12.131
Chris Long,12.048
Mike Wallace,12
Marshawn Lynch,12
Joe Thomas,11.5
Ryan Kerrigan,11.5
Greg Hardy,11.312
Vincent Jackson,11.111
Calais Campbell,11
Jeremy Maclin,11
Cameron Jordan,11
Larry Fitzgerald,11
Bobby Wagner,10.75
Geno Atkins,10.665
Byron Maxwell,10.5
Ryan Clady,10.5
Cameron Heyward,10.456
Jimmy Smith,10.276
Corey Liuget,10.25
Lavonte David,10.05
Nate Solder,10.031
Brandon Carr,10.02
D?Brickashaw Ferguson,10
Jimmy Graham,10
Randall Cobb,10
Earl Thomas,10
DeMarcus Ware,10
Kyle Williams,10
Jordy Nelson,9.763
Andrew Whitworth,9.763
Sam Shields,9.75
Leon Hall,9.75
Jason Peters,9.575
Lawrence Timmons,9.559
Aqib Talib,9.5
Devin McCourty,9.5
Branden Albert,9.4
Julius Thomas,9.2
Brandon Flowers,9.1
NaVorro Bowman,9.05
Jairus Byrd,9
Rob Gronkowski,9
Jerry Hughes,9
Jurrell Casey,9
Vontae Davis,9
Tom Brady,9
Mike Pouncey,8.95
Duane Brown,8.9
Rodney Hudson,8.9
Maurkice Pouncey,8.827
Brian Cushing,8.75
Arian Foster,8.7
Julius Peppers,8.667
Brandon Marshall,8.667
Jason McCourty,8.608
Victor Cruz,8.6
Logan Mankins,8.5
"Chris Harris, Jr.",8.5
Everson Griffen,8.5
Jared Odrick,8.5
Pierre Garcon,8.5
Kareem Jackson,8.5
Jake Long,8.5
John Sullivan,8.5
DeAndre Levy,8.435
Alex Mack,8.4
Antonio Brown,8.392
Eric Berry,8.341
James Laurinaitis,8.3
Cameron Wake,8.3
Dashon Goldson,8.25
Ryan Kalil,8.186
Paul Kruger,8.1
Russell Okung,8.083
LeSean McCoy,8.01
Mike Iupati,8
Eric Weddle,8
Torrey Smith,8
DeMarco Murray,8
Brent Grimes,8
Daryl Washington,8
Chris Culliver,8
Jared Allen,8
Antonio Cromartie,8
DeSean Jackson,8
Carlos Dunlap,7.874
Aldon Smith,7.754
Pernell McPhee,7.75
Brian Orakpo,7.75
Nick Mangold,7.725
Andrew Luck,7.653
Charles Clay,7.6
Matt Forte,7.6
Eugene Monroe,7.5
William Beatty,7.5
Greg Olsen,7.5
Jordan Cameron,7.5
Robert Griffin III,7.455
Joe Staley,7.442
Donald Butler,7.4
Jason Witten,7.4
Vernon Davis,7.35
Johnathan Joseph,7.333
Jerod Mayo,7.333
Orlando Franklin,7.3
Kyle Rudolph,7.3
Jonathan Stewart,7.3
Eric Decker,7.25
Mychal Kendricks,7.25
Antonio Gates,7.235
Jermon Bushrod,7.193
David Harris,7.167
Jared Veldheer,7.15
Michael Bennett,7.125
Cliff Avril,7.125
Jared Cook,7.02
Reshad Jones,7.003
Kam Chancellor,7.001
Sean Lee,7
Dominique Rodgers-Cromartie,7
Lamarr Houston,7
Michael Griffin,7
King Dunlap,7
Donte Whitner,7
Tramon Williams,7
Andre Johnson,7
Trent Cole,7
Lance Briggs,7
Jamaal Charles,6.938
Jason Hatcher,6.875
Sam Baker,6.85
Desmond Bryant,6.8
Bryan Bulaga,6.75
Josh Sitton,6.75
Derrick Morgan,6.75
KJ Wright,6.75
Ahmad Brooks,6.733
Arthur Jones,6.6
Aaron Williams,6.502
Brandon Graham,6.5
Whitney Mercilus,6.5
Dwayne Bowe,6.5
Max Unger,6.459
Justin Blalock,6.4
Paul Soliai,6.4
Jermey Parnell,6.4
Dennis Pitta,6.4
Marshal Yanda,6.4
Alterraun Verner,6.375
Eric Wood,6.35
Rodger Saffold,6.344
Jameis Winston,6.338
Jason Kelce,6.25
Linval Joseph,6.25
Allen Bailey,6.25
Buster Skrine,6.25
Chris Myers,6.25
Dan Williams,6.25
Phil Loadholt,6.25
Golden Tate,6.2
Morgan Burnett,6.188
Cortez Allen,6.15
Vontaze Burfict,6.143
Davon House,6.125
Marcus Mariota,6.053
Barry Cofield,6
Connor Barwin,6
Marcus Gilbert,6
William Moore,6
Austin Howard,6
Anthony Collins,6
Zane Beadles,6
LaRon Landry,6
Ben Grubbs,6
Karlos Dansby,6
Roddy White,6
Curtis Lofton,6
Thomas Davis,6
Cary Williams,6
Andre Smith,6
Jahri Evans,6
Wes Welker,6
Anquan Boldin,6
Tamba Hali,6
Percy Harvin,6
Da?Norris Searcy,5.938
Mathias Kiwanuka,5.917
Louis Vasquez,5.875
"Dante Fowler, Jr.",5.873
Andy Levitre,5.813
Nate Allen,5.75
Jon Beason,5.667
Amari Cooper,5.666
T.J. Ward,5.625
Brian Robison,5.6
Jadeveon Clowney,5.568
Eric Fisher,5.548
Derrick Johnson,5.53
Marcus Gilchrist,5.5
D\?Qwell Jackson,5.5
Sean Smith,5.5
Cortland Finnegan,5.5
Jabaal Sheard,5.5
Will Hill,5.458
Robert Mathis,5.431
Lardarius Webb,5.417
Greg Robinson,5.321
Brandon Scherff,5.304
Luke Joeckel,5.3
Derek Newton,5.3
Von Miller,5.25
Antoine Bethea,5.25
Stephen Paea,5.25
Brian Hoyer,5.25
Elvis Dumervil,5.2
Clint Boling,5.2
TJ Lang,5.2
Terrell Suggs,5.175
Malcolm Jenkins,5.167
Blake Bortles,5.164
Dion Jordan,5.143
Keenan Lewis,5.11
Stephen Tulloch,5.1
Martellus Bennett,5.1
Dannell Ellerbe,5.067
Ron Parker,5
Tyson Jackson,5
Mike Mitchell,5
Brandon Mebane,5
Michael Johnson,5
Rey Maualuga,5
Paul Posluszny,5
Emmanuel Sanders,5
Doug Free,5
Eddie Royal,5
Brandon Browner,5
Perrish Cox,5
Justin Tuck,5
Nick Fairley,5
Sammy Watkins,4.984
Lane Johnson,4.963
Matt Kalil,4.943
Brent Celek,4.875
Brandon Fusco,4.85
Donald Penn,4.8
James Carpenter,4.775
Danny Amendola,4.75
Greg Toler,4.75
Glover Quin,4.7
Khalil Mack,4.669
Josh McCown,4.667
Leonard Williams,4.658
Ezekiel Ansah,4.649
Justin Blackmon,4.628
Lance Kendricks,4.625
Kenny Britt,4.575
Jon Asamoah,4.5
Riley Cooper,4.5
Brooks Reed,4.5
Sen?Derrick Marks,4.5
Reggie Nelson,4.5
Breno Giacomini,4.5
Vince Wilfork,4.5
Domata Peko,4.5
Mark Sanchez,4.5
Terrance Knighton,4.45
Delanie Walker,4.375
Chris Clemons,4.375
Doug Baldwin,4.333
Stephen Gostkowski,4.3
Kendall Langford,4.3
Shawn Lauvao,4.25
Julian Edelman,4.25
DeAngelo Hall,4.25
Bruce Carter,4.25
Leodis McKelvin,4.25
Koa Misi,4.25
Osi Umenyiora,4.25
Marcus Cannon,4.25
Shelley Smith,4.25
Geoff Schwartz,4.2
Sebastian Vollmer,4.188
Kevin White,4.141
Shane Vereen,4.117
Jake Matthews,4.107
Dan Skuta,4.1
Barkevious Mingo,4.087
Owen Daniels,4.083
Corey Graham,4.075
Morris Claiborne,4.066
Roy Miller,4.063
Zach Strief,4
Brandon Pettigrew,4
Andre Roberts,4
CJ Spiller,4
Mark Ingram,4
Earl Mitchell,4
Ziggy Hood,4
Erik Walden,4
Frank Gore,4
Rahim Moore,4
Steven Jackson,4
Perry Riley,4
Mike Neal,4
Chad Henne,4
Heath Miller,4
Greg Jennings,4
Chad Greenway,4
Wesley Woodyard,3.938
Malcom Floyd,3.85
Sean Weatherspoon,3.85
Orlando Scandrick,3.8
Sammie Lee Hill,3.8
Sebastian Janikowski,3.775
Dustin Colquitt,3.75
Robbie Gould,3.75
Antrel Rolle,3.75
Harry Douglas,3.75
Garrett Graham,3.75
Captain Munnerlyn,3.75
DeMeco Ryans,3.75
Henry Melton,3.75
Jarius Wright,3.7
Marcel Reece,3.673
Ryan Mathews,3.667
Mike Evans,3.658
Thomas Morstead,3.648
Jonathan Cooper,3.637
Mike Scifres,3.625
Scott Wells,3.625
Ryan Fitzpatrick,3.625
Vic Beasley,3.624
Mark Barron,3.617
Justin Durant,3.6
Ereck Flowers,3.598
Evan Dietrich-Smith,3.563
Rob Sims,3.55
Dwayne Harris,3.5
Kory Lichtensteiger,3.5
Tramaine Brock,3.5
Jeremy Kerley,3.5
Steve Smith,3.5
Toby Gerhart,3.5
Donald Brown,3.5
Jerraud Powers,3.5
Steve Johnson,3.5
Malcolm Smith,3.5
Marques Colston,3.5
Darren Sproles,3.5
Rob Ninkovich,3.5
Michael Oher,3.5
Ryan Mallett,3.5
Michael Floyd,3.458
Todd Gurley,3.456
Josh Scobee,3.45
William Hayes,3.417
Cole Beasley,3.402
Andy Lee,3.4
Daryl Smith,3.4
Andrew Hawkins,3.4
Shonn Greene,3.333
JT Thomas,3.333
Chase Daniel,3.333
Chris Williams,3.288
Sam Koch,3.25
Blair Walsh,3.25
Nick Roach,3.25
Dan Connolly,3.25
Randy Starks,3.25
Shaun Hill,3.25
Walter Thurmond,3.25
Evan Mathis,3.25
Trae Waynes,3.236
Dan Bailey,3.214
Justin Gilbert,3.208
John Hughes,3.2
Matt Slauson,3.2
Ropati Pitoitua,3.2
Charles Woodson,3.2
Michael Crabtree,3.2
Tavon Austin,3.188
Anthony Barr,3.186
Jason Jones,3.167
Dee Milliner,3.165
Bernard Pollard,3.15
Shaun Suisham,3.144
Graham Gano,3.1
Joique Bell,3.1
Jeremy Zuttah,3.083
Phil Dawson,3.067
Eric Ebron,3.062
Alex Boone,3.05
Chance Warmack,3.042
Glenn Dorsey,3.038
Lee Smith,3.033
Brodrick Bunkley,3.025
Stephon Gilmore,3.021
Brett Kern,3
Manny Lawson,3
Nick Folk,3
Clinton McDonald,3
Corey Peters,3
Ricky Jean-Francois,3
Chris Baker,3
Willie Young,3
Jonathan Babineaux,3
Brandon LaFell,3
Robert Geathers,3
Justin Forsett,3
Dexter McCluster,3
Devin Hester,3
Brian Hartline,3
Zach Miller,3
Cecil Shorts,3
Tyson Alualu,3
Cory Redding,3
Gosder Cherilus,3
Akeem Ayers,3
Adrian Clayborn,3
Alan Ball,3
Matt Hasselbeck,3
Knowshon Moreno,3
Shareece Wright,3
Rolando McClain,3
Matt Prater,3
Danny Shelton,2.926
Pat McAfee,2.9
Matt Bosher,2.9
Taylor Lewan,2.871
DJ Fluker,2.851
Steven Hauschka,2.85
Donnie Avery,2.85
Andrus Peat,2.848
Matt Bryant,2.833
Dontari Poe,2.83
Kevin Huber,2.8
Virgil Green,2.8
Chris Chester,2.8
Muhammad Wilkerson,2.769
Johnny Hekker,2.763
Josh Mauga,2.75
Danny Woodhead,2.75
Brice McCain,2.75
David Hawthorne,2.75
Jacoby Jones,2.75
Letroy Guion,2.75
Ike Taylor,2.75
Drew Stanton,2.733
DeVante Parker,2.719
Melvin Gordon,2.667
Jonathan Casillas,2.667
Joe Reitz,2.667
Cullen Jenkins,2.667
Scott Chandler,2.65
Marcedes Lewis,2.65
Nolan Carroll,2.625
Anthony Fasano,2.625
"Odell Beckham, Jr.",2.602
Ahtyba Rubin,2.6
Matt Moore,2.6
DJ Hayden,2.581
Fletcher Cox,2.56
Chad Rinehart,2.55
Sean Richardson,2.55
Aaron Donald,2.534
Sheldon Richardson,2.514
Kevin Johnson,2.512
Rashad Jennings,2.5
Mike Tolbert,2.5
Arthur Moats,2.5
Adam Vinatieri,2.5
Darius Butler,2.5
Shaun Phillips,2.5
Charlie Johnson,2.5
Reggie Bush,2.5
Carlos Rogers,2.5
Dwight Freeney,2.5
Jermaine Gresham,2.5
Dan Carpenter,2.488
Arik Armstead,2.461
Mason Crosby,2.45
Britton Colquitt,2.425
Kyle Fuller,2.422
Steve McLendon,2.417
Nate Irving,2.417
Star Lotulelei,2.401
Ryan Succop,2.4
Patrick Chung,2.4
Marcus Peters,2.396
Michael Brockers,2.381
Ryan Shazier,2.377
Calvin Pace,2.375
Cameron Erving,2.357
Kenny Vaccaro,2.356
Jermaine Kearse,2.356
Tashaun Gipson,2.356
Emmanuel Lamur,2.356
Craig Robertson,2.356
Damon Harrison,2.356
Justin Tucker,2.356
Rod Streater,2.356
Cedric Thornton,2.356
Derrick Shelby,2.356
Rodney McLeod,2.356
Jerrell Freeman,2.356
Erik Pears,2.35
Nelson Agholor,2.344
Bruce Irvin,2.336
George Johnson,2.333
Kyle Arrington,2.333
Tom Johnson,2.333
Sergio Brown,2.333
Cedric Ogbuehi,2.331
Chris Canty,2.325
Bud Dupree,2.306
Jerome Felton,2.3
John Abraham,2.3
Miles Austin,2.3
Shane Ray,2.28
Ed Dickson,2.267
Derek Anderson,2.25
Akeem Dent,2.25
Terence Newman,2.25
Todd Herremans,2.25
Louis Delmas,2.25
Zack Martin,2.242
DJ Humphries,2.228
EJ Manuel,2.221
Barry Church,2.207
Shaq Thompson,2.202
Quinton Coples,2.201
CJ Mosley,2.197
Jarvis Jones,2.176
Breshad Perriman,2.176
Dre Kirkpatrick,2.156
Byron Jones,2.15
Alan Branch,2.15
Calvin Pryor,2.141
Laken Tomlinson,2.138
Roman Harper,2.125
Darian Stewart,2.125
Mike Adams,2.125
Jimmy Wilson,2.125
Eric Reid,2.12
Ja\?Wuan James,2.107
Anthony Sherman,2.1
Wallace Gilberry,2.1
Vincent Rey,2.1
Ted Ginn,2.1
Tyvon Branch,2.1
Melvin Ingram,2.1
Brandin Cooks,2.096
John Greco,2.093
Justin Pugh,2.086
Ha Ha Clinton-Dix,2.085
Kyle Long,2.075
Shea McClellin,2.066
Tyler Eifert,2.064
Johnny Manziel,2.062
Kendall Wright,2.055
Paul Fanaika,2.05
Nickell Robey,2.05
Roy Helu,2.05
Prince Amukamara,2.045
Chandler Jones,2.043
Desmond Trufant,2.042
Dee Ford,2.04
Phillip Dorsett,2.034
Ryan Allen,2.033
Sharrif Floyd,2.019
Anthony Castonzo,2
Niles Paul,2
Sean Lissemore,2
Chris Ivory,2
DeAngelo Williams,2
Cam Thomas,2
Matt Slater,2
Al Woods,2
Dwan Edwards,2
Vance Walker,2
George Wilson,2
Blaine Gabbert,2
Charlie Whitehurst,2
Pierre Thomas,2
Antonio Smith,2
Matt Schaub,2
Daryn Colledge,2
Matt Cassel,2
Frostee Rucker,2
Jeremy Mincey,2
Patrick Robinson,2
Samson Satele,2
Bilal Powell,2
Stefen Wisniewski,2
Riley Reiff,1.998
Darqueze Dennard,1.995
Damarious Randall,1.979
Bjoern Werner,1.974
Jason Verrett,1.972
David DeCastro,1.953
Xavier Rhodes,1.952
Marcus Smith,1.95
Stephone Anthony,1.933
Donta Hightower,1.931
Datone Jones,1.929
Deone Bucannon,1.927
Kroy Biermann,1.925
Kelvin Benjamin,1.916
DeAndre Hopkins,1.907
Malcom Brown,1.903
Darrell Stuckey,1.9
Jeff Cumberland,1.9
Sylvester Williams,1.895
Kevin Zeitler,1.886
Jim Dray,1.875
Jay Ratliff,1.875
Karl Klug,1.875
Robert Ayers,1.875
Nick Perry,1.875
Ramon Foster,1.833
Shane Lechler,1.833
Donnie Jones,1.833
Dominique Easley,1.826
Cordarrelle Patterson,1.805
Daniel Kilgore,1.8
Kendrick Lewis,1.8
Bruce Miller,1.8
Harrison Smith,1.785
Adam Jones,1.783
Jimmie Ward,1.778
Thomas DeCoud,1.763
Rob Housler,1.76
Alec Ogletree,1.758
Marcus Easley,1.75
Jarrett Bush,1.75
Andrew Gachkar,1.75
Rashean Mathis,1.75
Mike Nugent,1.75
Tyrunn Walker,1.75
Davin Joseph,1.75
BJ Raji,1.75
Charles Tillman,1.75
Chris Clark,1.739
Bradley Roby,1.738
Travis Frederick,1.718
Kraig Urbik,1.713
Teddy Bridgewater,1.712
O?Brien Schofield,1.7
Doug Martin,1.697
Matt Elam,1.692
Ben Watson,1.65
Bruce Gradkowski,1.65
John Jerry,1.65
Nate Garner,1.625
AJ Hawk,1.625
Ryan Wendell,1.625
Brandon Myers,1.625
James Starks,1.625
Jerricho Cotchery,1.603
Luke Stocker,1.6
Mike Pollak,1.6
Rafael Bush,1.6
Ian Williams,1.6
Jacob Tamme,1.6
Louis Murphy,1.583
Manny Ramirez,1.575
James Ihedigbo,1.575
Mackenzy Bernadeau,1.55
Michael Harris,1.542
Andre Holmes,1.542
Antwon Blake,1.542
Johnson Bademosi,1.542
Marquette King,1.542
Lance Dunbar,1.542
Bobby Rainey,1.542
Don Barclay,1.542
Corey White,1.542
Cory Harkey,1.542
Robert Golden,1.542
Jaiquawn Jarrett,1.542
Larry Asante,1.542
Will Johnson,1.542
Landon Collins,1.53
Eugene Sims,1.525
Sterling Moore,1.525
Donovan Smith,1.517
Jon Ryan,1.517
Nate Chandler,1.517
Mario Edwards,1.504
David Bruton,1.5
Demar Dotson,1.5
William Gay,1.5
Allen Barbre,1.5
Kellen Clemens,1.5
Marshall Newhouse,1.5
Dawan Landry,1.5
Brett Keisel,1.5
Darren McFadden,1.5
Paul McQuistan,1.5
Clay Harbor,1.5
Andrew Quarless,1.5
Ryan Mundy,1.5
Major Wright,1.5
Bradley Fletcher,1.5
DJ Williams,1.5
Colt McCoy,1.5
Kevin Williams,1.5
Mike DeVito,1.5
Khalif Barnes,1.5
Byron Bell,1.5
Dominic Raiola,1.5
Jason Campbell,1.5
Isa Abdul Quddus,1.5
Tony McDaniel,1.5
Tarell Brown,1.5
Chris Conte,1.5
Tarvaris Jackson,1.5
Patrick DiMarco,1.495
TJ Yeldon,1.478
Devin Smith,1.468
Taiwan Jones,1.452
Richie Incognito,1.45
Preston Smith,1.445
Trumaine McBride,1.438
Brad Jones,1.425
Eddie Goldman,1.422
Dorial Green-Beckham,1.401
Andrew Gardner,1.4
Kurt Coleman,1.4
Lyle Sendlein,1.4
Xavier Su\?a-Filo,1.388
Devin Funchess,1.38
Demarcus Lawrence,1.377
James Harrison,1.375
Jonathan Cyprien,1.367
Tim Masthay,1.366
Joel Bitonio,1.365
Jalen Collins,1.357
Justin Hunter,1.356
Chris Maragos,1.35
Andre Caldwell,1.35
Kelvin Sheppard,1.35
Brian Quick,1.347
Zach Ertz,1.345
Derek Carr,1.343
Benardrick McKinney,1.336
Josh Gordon,1.335
Coby Fleener,1.335
Ra\?Shede Hageman,1.334
Logan Paulsen,1.333
Chris Jones,1.329
Courtney Upshaw,1.324
Darrel Young,1.323
Darius Slay,1.322
Hau?oli Kikaha,1.317
Austin Seferian-Jenkins,1.314
Giovani Bernard,1.313
Kevin Boothe,1.313
Derek Wolfe,1.302
Ted Larsen,1.3
Mark Herzlich,1.3
Marqise Lee,1.294
Manti Te?o,1.293
Mitchell Schwartz,1.293
Eric Kendricks,1.289
Mario Addison,1.28
Kyle Van Noy,1.276
Andre Branch,1.272
Craig Stevens,1.27
Jaquiski Tartt,1.259
Lamarcus Joyner,1.258
Geno Smith,1.255
Gary Barnidge,1.25
Jason Fox,1.25
Jeron Johnson,1.25
Josh Brown,1.25
James Casey,1.25
Stevan Ridley,1.25
Janoris Jenkins,1.248
Jordan Matthews,1.237
Tank Carradine,1.237
Amini Silatolu,1.234
Eric Rowe,1.22
Weston Richburg,1.219
Robert Woods,1.217
Cordy Glenn,1.216
Cyrus Kouandjio,1.202
Rashad Johnson,1.2
Michael Hoomanawanui,1.2
Derek Carrier,1.2
Tyson Clabo,1.2
Dane Sanzenbacher,1.2
Scott Tolzien,1.2
Leger Douzable,1.2
George Selvie,1.2
Menelik Watson,1.199
Denzel Perryman,1.194
Johnthan Banks,1.182
Paul Richardson,1.178
Usama Young,1.175
Mitch Morse,1.168
Anthony Dixon,1.167
Jeff Allen,1.161
Cody Wallace,1.16
Brandon Bolden,1.16
Kawann Short,1.158
Stephon Tuitt,1.152
John Denney,1.15
Beau Brinkley,1.15
Zak DeOssie,1.15
Lawrence Guy,1.15
Brad Smith,1.15
Ronald Darby,1.142
Eric Weems,1.14
Husain Abdullah,1.138
Alshon Jeffery,1.137
Heath Farwell,1.125
Jimmy Clausen,1.125
Trent Murphy,1.118
Mike Person,1.117
Tyrod Taylor,1.117
Garrison Sanborn,1.11
Garrett Reynolds,1.1
LP Ladouceur,1.1
Kedric Golston,1.1
Marcus Sherels,1.1
Albert McClellan,1.1
Anthony Levine,1.1
Jarius Wynn,1.1
Matt Spaeth,1.1
Kevin Minter,1.098
Timmy Jernigan,1.096
Joseph Barksdale,1.095
Jordan Phillips,1.091
Joe Berger,1.078
Kiko Alonso,1.075
Jace Amaro,1.073
Jon Condo,1.067
Cedric Peerman,1.065
Jake Fisher,1.065
Jon Dorenbos,1.063
Tavon Wilson,1.054
Gavin Escobar,1.053
Jeremiah Attaochu,1.051
Colin Cole,1.05
Mike Leach,1.05
CJ Mosley,1.05
Lance Moore,1.05
Don Muhlbach,1.05
Luke McCown,1.05
Greg Warren,1.05
Dan Orlovsky,1.05
Will Allen,1.05
Don Carey,1.045
Ramon Humber,1.043
Ameer Abdullah,1.039
Darrin Walls,1.038
Kendall Reyes,1.032
Le?Veon Bell,1.03
Ego Ferguson,1.028
Chase Blackburn,1.025
Ryan Clark,1.02
Jonathan Goodwin,1.02
Santana Moss,1.02
Terrell McClain,1.017
Maxx Williams,1.013
Aaron Brewer,1.013
Lance Louis,1.013
Johnathan Hankins,1.008
Troy Niklas,1.006
Brandon Lloyd,1.005
Senquez Golson,1
Nick Sundberg,1
Matt Overton,1
Adam Hayward,1
Geno Hayes,1
Andrew Sendejo,1
Michael Morgan,1
Nate Washington,1
Jonathan Freeny,1
Leonard Johnson,1
Rob Havenstein,0.993
Clark Harris,0.99
Jon Bostic,0.985
Davante Adams,0.983
Shayne Graham,0.98
Markus Golden,0.98
Jon Weeks,0.975
Michael Vick,0.97
Zach Brown,0.965
David Amerson,0.963
Ty Sambrailo,0.961
Bishop Sankey,0.961
Larry Foote,0.955
Ryan Pickett,0.955
Kassim Osgood,0.955
Tommy Kelly,0.955
Jay Feely,0.955
Randy Gregory,0.954
Marlon Moore,0.95
Will Yeatman,0.95
Mitch Unrein,0.95
Daniel Fells,0.95
Stephen Bowen,0.95
Pat Sims,0.95
Lamarr Woodley,0.95
Kevin Vickerson,0.95
Thomas Gafford,0.95
Dwight Lowery,0.95
Willie Colon,0.95
Josh Wilson,0.95
Darryl Tapp,0.95
Kellen Davis,0.95
Will Montgomery,0.95
Eric Winston,0.95
Anthony Spencer,0.95
Jason Avant,0.95
Ali Marpet,0.943
Jamie Collins,0.94
Jeremy Hill,0.938
Quinten Rollins,0.936
Frank Clark,0.933
Todd Davis,0.93
David King,0.93
Josh Mauro,0.93
Jordan Richards,0.928
Cody Latimer,0.927
Colt Anderson,0.925
Larry English,0.925
Carlos Hyde,0.92
Ricardo Mathews,0.92
Chris Spencer,0.92
Ryan Harris,0.92
Leon Washington,0.92
Margus Hunt,0.918
Jamar Taylor,0.907
Brett Goode,0.905
Josh Bynes,0.905
Tanner Purdum,0.905
Clint Gresham,0.902
Jeffrey Jansen,0.901
Kavell Conner,0.9
Tim Jamison,0.9
Teddy Williams,0.9
Peyton Hillis,0.9
Fred Jackson,0.9
Vance McDonald,0.9
Bryan Braman,0.898
John Kuhn,0.895
Jack Mewhort,0.893
Arthur Brown,0.889
Kony Ealy,0.887
Mike Adams,0.886
Brock Osweiler,0.879
Allen Robinson,0.878
Josh Harris,0.876
DJ Swearinger,0.873
Jimmy Garoppolo,0.871
Kyle Nelson,0.87
Tracy Porter,0.87
Lorenzo Alexander,0.87
Kendall Hunter,0.87
Desmond Bishop,0.87
Garrett Hartley,0.87
Tim Jennings,0.87
Andre Fluellen,0.87
Tyler Polumbus,0.87
Will Blackmon,0.87
Mike McGlynn,0.87
Quintin Demps,0.87
Brandon Meriweather,0.87
Chris Johnson,0.87
Craig Dahl,0.87
James Jones,0.87
Jarvis Landry,0.869
Jerome Simpson,0.865
LeGarrette Blount,0.865
Justin Britt,0.864
Jake McQuaide,0.861
Travaris Cadet,0.858
Aaron Dobson,0.857
Mat McBriar,0.855
Jim Leonhard,0.855
Danieal Manning,0.855
Jonathan Scott,0.855
Robert Meachem,0.855
Derek Hagan,0.855
Ronnie Brown,0.855
Will Herring,0.855
Jeremy Cain,0.855
Adam Snyder,0.855
Raymond Ventrone,0.855
Jackie Battle,0.855
Montell Owens,0.855
Ahmad Bradshaw,0.855
Will Svitek,0.855
James Anderson,0.855
Robert Alford,0.85
Garrett Grayson,0.85
Trevor Robinson,0.85
David Johnson,0.85
Gabe Carimi,0.85
Eddie Lacy,0.849
Jeremiah Poutasi,0.846
Justin Drescher,0.846
Vinny Curry,0.845
Nick Bellore,0.845
Christine Michael,0.844
AJ Cann,0.843
Christian Yount,0.842
Mike Windt,0.841
Kelechi Osemele,0.836
Clive Walford,0.836
Tyler Lockett,0.83
Colin Jones,0.828
Casey Hayward,0.827
Darrius Heyward-Bey,0.825
Jamarca Sanford,0.825
Brandon Tate,0.825
Joe Webb,0.825
Jamari Lattimore,0.825
Chris Scott,0.825
Jarvis Jenkins,0.825
Mike Jenkins,0.825
Vladimir Ducasse,0.825
Kevin Ogletree,0.825
Kyle Wilson,0.825
Seyi Ajirotutu,0.825
Dane Fletcher,0.825
Sherrick McManis,0.825
Clifton Geathers,0.825
Brandon Gibson,0.825
Casey Matthews,0.825
Morgan Cox,0.825
Corey Wootton,0.825
Alex Carrington,0.825
Danny McCray,0.825
Demarcus Dobbs,0.825
Zack Bowman,0.825
Nick Hayden,0.825
Will Tukuafu,0.825
Rueben Randle,0.823
Jaelen Strong,0.82
Hroniss Grasu,0.815
Jamon Brown,0.813
Sean Mannion,0.813
Frank Zombo,0.813
Richie Brockel,0.805
Tevin Coleman,0.805
Amobi Okoye,0.8
Matt Asiata,0.8
CJ Fiedorowicz,0.799
Brian De la Puente,0.795
Mike Patterson,0.795
Jonathan Dwyer,0.795
Jeff Linkenbach,0.795
Oniel Cousins,0.795
Rich Ohrnberger,0.795
Morgan Moses,0.793
Owamagbe Odighizuwa,0.79
Dennis Kelly,0.79
Sam Young,0.788
Billy Turner,0.787
AQ Shipley,0.785
Jacquizz Rodgers,0.785
Steven Johnson,0.785
Travis Kelce,0.782
Dezmen Southward,0.781
Chris Conley,0.781
Garry Williams,0.78
Mike Glennon,0.776
Charles Sims,0.776
Dwayne Gratz,0.775
Dwayne Allen,0.77
Chris Ogbonnaya,0.77
Duke Johnson,0.769
Larry Warford,0.769
Eli Harold,0.768
Marcus Martin,0.767
PJ Williams,0.765
Alex Carter,0.765
Sio Moore,0.764
Tyrann Mathieu,0.763
Trumaine Johnson,0.76
Christian Kirksey,0.76
Bradley Sowell,0.76
Chris Polk,0.76
Ben Ijalana,0.76
Bennie Logan,0.758
Scott Crichton,0.755
Josh Robinson,0.754
Lorenzo Mauldin,0.752
Preston Brown,0.751
Jay Bromley,0.751
Ronnie Hillman,0.75
Christo Bilukidi,0.75
Jah Reid,0.75
Craig Mager,0.749
Jordan Hicks,0.748
Antonio Allen,0.746
Tre Mason,0.745
Erin Henderson,0.745
Jacques McClendon,0.745
Tyronne Green,0.745
Jordan Todman,0.745
Phillip Adams,0.745
Taylor Mays,0.745
Derek Cox,0.745
Chase Coffman,0.745
Junior Galette,0.745
Matthew Mulligan,0.745
Jasper Brinkley,0.745
Chimdi Chekwa,0.745
Christopher Owens,0.745
Justin Rogers,0.745
Brandon Harris,0.745
Josh Gordy,0.745
Doug Legursky,0.745
David Nelson,0.745
John Phillips,0.745
Kyle Williams,0.745
Greg Little,0.745
J?Marcus Webb,0.745
Austin Spitler,0.745
Vaughn Martin,0.745
Spencer Paysinger,0.745
Sam Acho,0.745
Charles Brown,0.745
Tyler Clutts,0.745
EJ Biggers,0.745
Tyler Kroft,0.743
Danielle Hunter,0.742
John Miller,0.74
Travis Swanson,0.739
Carl Davis,0.738
Matt Jones,0.738
Chaz Green,0.738
Chris Clemons,0.738
Kyle Love,0.738
Jamon Meredith,0.738
Ty Montgomery,0.737
Jeff Heuerman,0.736
Blidi Wreh-Wilson,0.734
Henry Anderson,0.734
TJ McDonald,0.732
Jordan Palmer,0.73
Danny Gorrer,0.73
Eben Britton,0.73
Landon Cohen,0.73
Jermaine Cunningham,0.73
Tyler Thigpen,0.73
Claude Spillman,0.73
Michael Palmer,0.73
Mike Thomas,0.73
Antoine Cason,0.73
Trevor Scott,0.73
Marcus Benard,0.73
Kevin Matthews,0.73
Terrence Cody,0.73
Stevenson Sylvester,0.73
David Johnson,0.73
Sammie Coates,0.728
Xavier Cooper,0.727
Brian Winters,0.726
Steven Nelson,0.726
Terrance Williams,0.724
Bryan Walters,0.723
Bryce Harris,0.72
Bryan Anger,0.719
Terrence Brooks,0.718
Kelcie McCray,0.718
Terron Armstead,0.717
Dexter McDougle,0.716
Spencer Long,0.716
Geneo Grissom,0.715
Paul Dawson,0.715
Gabe Jackson,0.714
Josh LeRibeus,0.714
Marquise Goodwin,0.713
Angelo Blackson,0.713
Will Sutton,0.713
Olivier Vernon,0.712
Dallas Thomas,0.712
Kareem Martin,0.711
Tim Barnes,0.71
Arrelious Benn,0.71
Winston Guy,0.71
Garrett Celek,0.71
Trey Flowers,0.71
Daryl Williams,0.709
Bryce Petty,0.708
James Sample,0.707
Jamison Crowder,0.706
Phillip Gaines,0.706
Jeremy Langford,0.706
Josh Huff,0.705
Justin Hardy,0.705
Will Clarke,0.705
Demario Davis,0.704
Jalston Fowler,0.704
Chris Watt,0.704
Clayton Geathers,0.703
Keenan Allen,0.703
Donald Stephenson,0.703
Markus Wheaton,0.703
JJ Wilcox,0.703
Donte Moncrief,0.702
Ramik Wilson,0.702
TJ Clemmings,0.701
Tre Jackson,0.701
Arie Kouandjio,0.7
Gabe Wright,0.7
Damontre Moore,0.7
Brandon Brooks,0.7
Dallas Reynolds,0.7
John Brown,0.7
Jamil Douglas,0.7
John Jenkins,0.698
Ibraheim Campbell,0.698
Trai Turner,0.698
Rodney Gunter,0.697
Brandon Linder,0.697
Blake Bell,0.696
Terrance West,0.696
Chris Carter,0.695
Jordan Norwood,0.695
Jalil Brown,0.695
Michael Schofield,0.694
Andrew Donnal,0.694
Josh Shaw,0.693
Logan Ryan,0.693
Jerick McKinnon,0.691
Jordan Hill,0.691
Za?Darius Smith,0.691
Richard Rodgers,0.69
Shawn Williams,0.69
Jordan Reed,0.69
Kwon Alexander,0.69
Buck Allen,0.689
Knile Davis,0.688
Mike Davis,0.687
Dri Archer,0.687
Damien Wilson,0.687
Kayvon Webster,0.686
Jon Feliciano,0.685
Tyrone Crawford,0.685
Chris Hairston,0.685
Matt Barkley,0.685
Jake Ryan,0.684
Stedman Bailey,0.684
Hugh Thornton,0.684
Mike Martin,0.682
Brandon Thomas,0.682
Crockett Gilmore,0.682
Shaquille Mason,0.681
Fozzy Whittaker,0.68
Trenton Robinson,0.68
Mohamed Sanu,0.678
Duron Harmon,0.678
Bashaud Breeland,0.677
Sean Spence,0.676
Devonta Freeman,0.676
Corey Lemonier,0.676
Will Davis,0.675
Mike Johnson,0.675
Bryan Stork,0.674
Bruce Ellington,0.674
Justin Ellis,0.673
Brandon Thompson,0.673
Jerrel Jernigan,0.673
Cassius Marsh,0.673
Mo Alexander,0.671
Akiem Hicks,0.67
Russell Bodine,0.669
DaQuan Jones,0.669
Brandon Williams,0.669
Andre Williams,0.668
Aaron Colvin,0.668
Keith McGill,0.666
De?Anthony Thomas,0.666
Ka?Deem Carey,0.666
Martavis Bryant,0.665
Bernard Pierce,0.664
Anthony Hitchens,0.664
Marqueston Huff,0.664
Akeem Spence,0.661
Kevin Norwood,0.66
Shaun Draughn,0.66
Zach Miller,0.66
Austin Davis,0.66
Michael Wilhoite,0.66
Austin Pasztor,0.66
Chris Owusu,0.66
Danny Lansanah,0.66
Mike McNeill,0.66
Jamize Olawale,0.66
Sealver Siliga,0.66
Duke Ihenacho,0.66
Mike Kafka,0.66
James Develin,0.66
Jermelle Cudjo,0.66
Allen Reisner,0.66
Frank Kearse,0.66
Ricky Sapp,0.66
Allen Bradford,0.66
Anthony McCoy,0.66
James Michael Johnson,0.66
Dezman Moses,0.66
Deshawn Shead,0.66
Ricardo Lockette,0.66
Tom Compton,0.66
Curtis Marsh,0.66
Rashad Carmichael,0.66
Dorin Dickerson,0.66
Jayron Hosley,0.659
Walt Aikens,0.659
Alex Okafor,0.659
Lamar Holmes,0.658
Jelani Jenkins,0.658
Duke Williams,0.658
Pierre Desir,0.657
Dion Sims,0.657
Max Garcia,0.656
Tray Walker,0.656
Marcus Hardison,0.656
DeAndre Smelter,0.656
Mark Glowinski,0.656
Tre Boston,0.656
Brian Schwenke,0.656
Dontae Johnson,0.655
James White,0.654
David Bakhtiari,0.654
Ryan Nassib,0.653
Shamarko Thomas,0.653
Brock Vereen,0.653
Tony Bergstrom,0.652
Kevin Pierre-Louis,0.651
Landry Jones,0.65
Chris Givens,0.649
Earl Watford,0.649
Sean Porter,0.647
Lamar Miller,0.647
Gino Gradkowski,0.646
Ben Jones,0.645
Khaled Holmes,0.645
Gerald Hodges,0.645
Joe McKnight,0.645
Stephen Schilling,0.645
Alfonso Smith,0.645
Phillip Tanner,0.645
Danny Aiken,0.645
Ben Tate,0.645
Travis Benjamin,0.644
JC Tretter,0.644
Omar Bolden,0.644
Kirk Cousins,0.643
Frank Alexander,0.643
Nigel Bradham,0.641
William Gholston,0.64
Malliciah Goodman,0.639
Robert Turbin,0.639
Quinton Patton,0.638
Ladarius Green,0.638
Bobby Massie,0.636
Kyle Wilber,0.635
Jaye Howard,0.634
Coty Sensabaugh,0.633
Grady Jarrett,0.632
David Cobb,0.631
Rashad Greene,0.631
Ben Heeney,0.631
Tom Savage,0.63
Dakota Dozier,0.63
Lorenzo Taliaferro,0.63
Nevin Lawson,0.63
Brent Urban,0.63
Keenan Robinson,0.63
Kevin McDermott,0.63
Joseph Fauria,0.63
Trevin Wade,0.63
David Bass,0.63
Martrell Spaight,0.629
Adrian Amos,0.628
MyCole Pruitt,0.628
Mykkele Thompson,0.627
Bobby McCain,0.627
Stefon Diggs,0.627
Brandon Boykin,0.626
Brett Hundley,0.626
Davis Tull,0.625
Jay Ajayi,0.625
Ron Brooks,0.625
David Parry,0.625
Jarvis Harrison,0.625
Kyle Emanuel,0.625
Tyeler Davison,0.624
Colin McCarthy,0.624
Karlos Williams,0.624
Quinton Carter,0.624
Tony Lippett,0.624
CJ Uzomah,0.623
Shaq Riddick,0.623
Jared Crick,0.623
JJ Nelson,0.622
Jesse James,0.622
Neiron Ball,0.621
Kenny Bell,0.621
Ryan Russell,0.621
Joe Cardona,0.62
Louis Nix,0.62
Lorenzo Doss,0.619
Bradley Pinion,0.619
DJ Alexander,0.618
James O?Shaughnessy,0.618
Damian Swann,0.617
Michael Burton,0.616
Levine Toilolo,0.615
Devin Taylor,0.615
Kyle Juszczyk,0.615
Justin Trattou,0.615
Jack Crawford,0.615
Josh Bush,0.615
Jamell Fleming,0.615
Preston Parker,0.615
Marc Mariani,0.615
Marvin Austin,0.615
Marcus Thigpen,0.615
Josh Bellamy,0.615
Brandon Weeden,0.615
Keith Mumphery,0.612
Nick Boyle,0.612
Cameron Artis-Payne,0.612
Tye Smith,0.612
David Mayo,0.612
Taylor Hart,0.609
Ryan Grant,0.608
Telvin Smith,0.608
Deiontrez Mount,0.607
Devin Street,0.605
Jordan Kovacs,0.605
Bene Benwikere,0.605
Michael Bennett,0.605
Kevin Pamphile,0.605
Aaron Lynch,0.605
Kyshoen Jarrett,0.604
Avery Williamson,0.604
Tevin Mitchel,0.603
Nat Berhe,0.603
Tayo Fabuluje,0.603
Caraun Reid,0.602
Tyrus Thompson,0.602
Geremy Davis,0.602
Ed Stinson,0.602
Corey Linsley,0.601
Tony Steward,0.601
Aaron Murray,0.601
Charles Gaines,0.601
Ian Silberman,0.6
AJ McCarron,0.6
JaCorey Shepherd,0.6
Darius Philon,0.6
Miles Burns,0.6
Brandon Mosley,0.6
Mike Daniels,0.6
Rhett Ellison,0.6
Sanders Commings,0.6
Brian Tyms,0.6
Malcolm Johnson,0.6
Derron Smith,0.6
Ryan Carrethers,0.6
Jonathan Newsome,0.6
Randall Telfer,0.599
Leterrius Walton,0.599
Vinnie Sunseri,0.599
Quandre Diggs,0.599
A.J. Derby,0.598
Darius Kilgo,0.598
Josh Robinson,0.597
Aaron Ripkowski,0.597
Darren Waller,0.597
Keith Reaser,0.596
Andy Gallik,0.595
Stephen Hill,0.595
Denard Robinson,0.593
Rakeem Nunez-Roches,0.593
Cody Wichmann,0.593
Kennard Backman,0.593
Reshard Cliett,0.593
Christian Covington,0.593
Kristjan Sokoli,0.593
Obum Gwacham,0.593
Tharold Simon,0.592
John Urschel,0.591
Devon Kennard,0.591
Stepfan Taylor,0.59
Anthony Morris,0.59
Oday Aboushi,0.59
Andre Debose,0.589
Kenny Stills,0.589
Deon Simon,0.588
Steve Williams,0.588
Bryce Hager,0.588
Bobby Hart,0.588
AJ Klein,0.588
Austin Shepherd,0.587
Marcus Murphy,0.587
Zach Fulton,0.587
Joseph Randle,0.587
Jeoffrey Pagan,0.587
Edmond Robinson,0.587
Cooper Taylor,0.587
Laurent Duvernay-Tardif,0.586
Zach Mettenberger,0.586
Mark Nzeocha,0.586
Jeff Locke,0.586
Quinton Dial,0.585
Kenneth Acker,0.585
Corbin Bryant,0.585
Jorvorskie Lane,0.585
Ben Jacobs,0.585
Chris Hogan,0.585
Don Jones,0.585
Ryan Davis,0.585
Case Keenum,0.585
Isaiah Pead,0.585
Kevin Brock,0.585
Taylor Boggs,0.585
Matt McCants,0.585
Eddie Pleasant,0.585
Ronald Leary,0.585
Terence Garvin,0.585
Larry Donnell,0.585
Chase Reynolds,0.585
Cameron Lawrence,0.585
Brynden Trawick,0.585
Michael Thomas,0.585
Darrion Weems,0.585
Dion Lewis,0.585
Senio Kelemete,0.585
Mike Brewster,0.585
Neiko Thorpe,0.585
Brandon Marshall,0.585
Rashaan Melvin,0.585
Tony Jerod-Eddie,0.585
Chris Lewis-Harris,0.585
Nathan Stupar,0.585
Chris Banjo,0.585
Kamar Aiken,0.585
Phillip Hunt,0.585
Griff Whalen,0.585
Mario Alford,0.585
Luke Willson,0.585
Micah Hyde,0.585
Alfred Blue,0.584
Corey Robinson,0.584
Ifo Ekpre-Olomu,0.584
Dexter McDonald,0.584
Zac Stacy,0.584
Trenton Brown,0.584
Antone Exum,0.584
Geoff Swaim,0.584
Darryl Roberts,0.584
Denzell Goode,0.583
Gerald Christian,0.583
Trevor Siemian,0.583
Rory Anderson,0.583
EJ Gaines,0.582
TJ Jones,0.582
Pat O?Donnell,0.581
Jordan Zumwalt,0.581
Demetri Goodson,0.581
Garrett Scott,0.58
Sam Martin,0.58
Darren Keyton,0.58
Tyler Gaffney,0.579
Luke Bowanko,0.579
Malik Jackson,0.578
Tahir Whitehead,0.578
Robert Blanton,0.578
Ricky Wagner,0.576
Josh Boyd,0.576
Josh Norman,0.575
Daniel McCullers,0.575
Marquis Flowers,0.575
Jay Prosch,0.575
Johnnie Troutman,0.573
Andre Hal,0.572
Joshua Evans,0.572
Mike Campanaro,0.572
Travis Carrie,0.572
Shamar Stephen,0.571
Randell Johnson,0.571
Beau Allen,0.571
Jabari Price,0.57
D?Joun Smith,0.57
Jonathan Grimes,0.57
Audie Cole,0.57
Mike Mohamed,0.57
Fendi Onobun,0.57
Dom DeCicco,0.57
Drew Davis,0.57
Scott Solomon,0.57
Will Ta?ufo?ou,0.57
Will Rackley,0.57
Trevor Reilly,0.569
Terrence Fede,0.569
Greg Zuerlein,0.569
David Quessenberry,0.568
Jeff Janis,0.568
Seantrel Henderson,0.568
Tourek Williams,0.568
James Wright,0.567
Corey Nelson,0.567
Charles Leno Jr.,0.567
Latavius Murray,0.567
Demetrius Rhaney,0.566
Lonnie Ballentine,0.566
Mychal Rivera,0.566
Andre Ellington,0.566
Cornelius Washington,0.566
Mike James,0.566
Marvin Jones,0.566
Rex Burkhead,0.566
George Iloka,0.565
Nate Palmer,0.565
Chris Jones,0.563
Theo Riddick,0.563
Kapron Lewis-Moore,0.562
Vick Ballard,0.561
Stacy McGee,0.56
Ryan Griffin,0.56
Vince Williams,0.56
Brice Butler,0.557
Demetrius McCray,0.557
Jeremy Lane,0.556
Alfred Morris,0.556
Michael Mauti,0.556
Tommy Bohanon,0.556
Keith Tandy,0.555
Armonty Bryant,0.555
Jordan Poyer,0.555
Khyri Thornton,0.555
Chris Smith,0.555
Demontre Hurst,0.555
Ty Nsekhe,0.555
Ryan Robinson,0.555
Jordan Gay,0.555
Matthew Masifilo,0.555
Ka\?Lial Glaud,0.555
Ryan Griffin,0.555
Kyle Miller,0.555
Kenjon Barner,0.555
B.J. Daniels,0.555
Collin Mooney,0.555
Davon Coleman,0.555
Rod Sweeting,0.555
Ryan Miller,0.555
Michael Hill,0.555
Phillip Supernaw,0.555
Nick Williams,0.555
Ken Bishop,0.555
Matthew Tucker,0.555
Da?Rel Scott,0.555
Kyle Adams,0.555
Danny Watkins,0.555
Jim Cordle,0.555
Chris Gragg,0.555
Justin Bethel,0.554
Garrett Gilkey,0.553
Sam Barrington,0.552
Marquess Wilson,0.552
Sean Renfree,0.551
Marcus Cooper,0.551
Damion Stafford,0.551
Michael Bowie,0.551
Zeke Motta,0.551
Kemal Ishmael,0.551
James Hanna,0.551
Danny Trevathan,0.551
Randy Bullock,0.551
Nate Ebner,0.549
Brad Nortman,0.545
Billy Winn,0.545
Chris Thompson,0.54
John Simon,0.54
Mike Remmers,0.54
Brandon Bair,0.54
Bacarri Rambo,0.54
David Molk,0.54
Chase Ford,0.54
Patrick Lewis,0.54
Drew Butler,0.54
Mario Butler,0.54
Zach Line,0.54
Ross Ventrone,0.54
Travis Lewis,0.54
J.R. Sweezy,0.539
Rishard Matthews,0.538
Bryce Brown,0.538
Kelvin Beachum,0.536
Markus Kuhn,0.536
Brittan Golden,0.535
La\?el Collins,0.533
Jimmy Hall,0.532
Alani Fua,0.531
David Andrews,0.53
Dean Marlowe,0.53
Chris Harper,0.53
Arthur Miley,0.53
Thomas Rawls,0.53
A.J. Francis,0.53
Jacquian Williams,0.53
Thurston Armbrister,0.529
Delvin Breaux,0.529
Curtis Riley,0.529
Caushaud Lyons,0.528
Justin March,0.528
Keenan Lambert,0.528
Taylor Heinicke,0.528
Gabe Holmes,0.528
Kaleb Eulls,0.528
Zach Vigil,0.528
Lucky Whitehead,0.528
Julian Wilson,0.528
Nick Easton,0.528
Xavier Williams,0.528
jarryd Hayne,0.528
Zack Wagenmann,0.528
Junior Sylvestre,0.528
Tyson Chandler,0.528
A.J. Tarpley,0.528
Gavin Lutman,0.528
Tavaris Barnes,0.528
Brock Hekking,0.528
Darrell Williams,0.528
Kyle Brindza,0.528
Bryce Callahan,0.528
Cody Riggs,0.527
Brian Parker,0.527
DeAndrew White,0.527
Bradley Marquez,0.527
Gordon Hill,0.527
Tyler Varga,0.527
Quinton Spain,0.527
Greg Mancz,0.527
Dres Anderson,0.527
Cameron Meredith,0.527
John Timu,0.527
Mike McFarland,0.527
Mitchell Henry,0.527
Cameron Clear,0.527
Nick Dzubnar,0.527
Eli Rogers,0.527
Nick Marshall,0.527
Zach Zenner,0.527
Jermauria Rasco,0.527
B.J. McBryde,0.527
Anthony Jefferson,0.527
Corey Grant,0.527
Bobby Richardson,0.527
Ronald Martin,0.527
Ladarius Gunter,0.527
Chad Slade,0.527
Josh Lambo,0.527
Jerome Couplin,0.527
Tyler Murphy,0.527
Javess Blue,0.526
Chi Chi Ariguzo,0.526
Tyrell Williams,0.526
Alonzo Harris,0.526
Ben Beckwith,0.526
Jack Tabb,0.526
Brandon Wegher,0.526
Ray Hamilton,0.526
Carlos Thompson,0.526
Cam Worthy,0.526
Cameron Lynch,0.526
Josh Mitchell,0.526
Kendall Lamm,0.526
Cam Thomas,0.526
Khari Lee,0.526
Micah Hatchie,0.525
Matt Darr,0.525
Neville Hewitt,0.525
Reggie Bell,0.525
Isiah Ferguson,0.525
Kevin Snyder,0.525
Connor Neighbors,0.525
Damond Powell,0.525
Tank Carder,0.525
Leon Brown,0.525
Wade Keliikipi,0.525
Brandon Person,0.525
Harold Jones-Quartey,0.525
Denzel Rice,0.525
Adam Humphries,0.525
Uani Unga,0.525
Terron Ward,0.525
Brent Qvale,0.525
T.Y. McGill,0.525
Reshod Fortenberry,0.525
Daniel Brown,0.525
E.J. Bibbs,0.525
Jordan Berry,0.525
Jason Myers,0.525
Josh Andrews,0.525
Beau Gardner,0.525
Andrew Franks,0.525
Arthur Williams,0.525
Robenson Therezie,0.525
Brett Jones,0.525
Luke Lundy,0.525
Phillip Dillard,0.525
Andre Smith,0.525
Kory Sheets,0.525
Ryan Hewitt,0.52
Ethan Westbrooks,0.517
Cornelius Lucas,0.517
Kenneth Boatright,0.516
Corey Brown,0.515
Marcus Roberson,0.515
Tenny Palepoi,0.514
Garry Gilliam,0.514
Andrew Norwell,0.514
Albert Wilson,0.513
Isaiah Crowell,0.513
Gabe Ikard,0.513
Silas Redd,0.513
Trey Burton,0.513
Jonotthan Harrison,0.513
Christian Jones,0.512
L.J. McCray,0.512
Trey Watts,0.512
Zach Kerr,0.512
Chris Davis,0.512
Jay Elliot,0.512
Tyler Shatley,0.512
Allen Hurns,0.512
Damian Copeland,0.512
Chris Whaley,0.512
Damien Williams,0.512
James Stone,0.511
Juwan Thompson,0.511
Mike Pennel,0.511
Brock Coyle,0.511
Josh Wells,0.511
Kenny Anunike,0.511
Cairo Santos,0.511
Chandler Catanzaro,0.511
Jake Stoneburner,0.51
Brian Dixon,0.51
Senorise Perry,0.51
Austin Wentworth,0.51
Patrick Murray,0.51
Jeremiah Sirles,0.51
Jumal Rolle,0.51
Brennan Clay,0.51
Cody Parkey,0.51
K\?Waun Williams,0.51
Mike Purcell,0.51
Stephen Morris,0.51
Glenn Winston,0.51
David Fales,0.51
Tyler Patmon,0.51
Jackson Jeffcoat,0.51
Anthony Denham,0.51
T.J. Barnes,0.51
Marcus Williams,0.51
Charley Hughlett,0.51
Branden Oliver,0.51
Taylor Gabriel,0.51
Chris McCain,0.51
Malcolm Butler,0.51
Kasim Edebali,0.51
Travis Long,0.51
Zachary Orr,0.51
Connor Shaw,0.51
Charles Johnson,0.51
Kerry Wynn,0.51
James Hurst,0.51
Bront Bird,0.51
Frankie Hammond,0.51
Keith Smith,0.51
Chris Harper,0.51
Denico Autry,0.51
Demetrius Harris,0.51
Brad Wing,0.51
Lamin Barrow,0.51
Christopher Hubbard,0.51
Ryan Jensen,0.51
Dustin Hopkins,0.51
IK Enemkpali,0.51
Kevin Hughes,0.51
Ross Cockrell,0.51
Steven Terrell,0.51
Kenny Wiggins,0.51
John Lotulelei,0.503
Keshawn Martin,0.503
Josh Boyce,0.503
Lerentee McCray,0.501
C.J. Anderson,0.499
Zach Sudfeld,0.499
Quincy Enunwa,0.499
Tony Jefferson,0.498
Timothy Wright,0.498
Tyler Bray,0.498
LaAdrian Waddle,0.498
Wes Horton,0.498
Jaron Brown,0.498
Russell Shepard,0.498
Lane Taylor,0.497
Alvin Bailey,0.497
Andy Mulumba,0.497
Josh Hill,0.497
Benny Cunningham,0.497
Jahleel Addae,0.497
A.J. Bouye,0.497
Marlon Brown,0.497
Joplo Bartu,0.497
Matt Tobin,0.497
Jack Doyle,0.497
MarQueis Gray,0.496
D.C. Jefferson,0.496
Justin Tuggle,0.496
Carson Tinker,0.496
LaRoy Reynolds,0.496
Abry Jones,0.496
Jeff Heath,0.496
Ryan Schraeder,0.496
Paul Worrilow,0.496
Tim Lelito,0.495
Khiry Robinson,0.495
Darryl Morris,0.495
Will Compton,0.495
Cody Davis,0.495
Daren Bates,0.495
Brandon Williams,0.495
Matthew McGloin,0.495
Ty Powell,0.495
Derrick Coleman,0.495
Stefan Charles,0.495
Benson Mayowa,0.495
Josh Kline,0.495
Ryan Quigley,0.495
Ray-Ray Armstrong,0.495
Patrick Omameh,0.495
Josh Samuda,0.495
A.J. Edds,0.495
David Gilreath,0.495
Kenny Demens,0.49
Delano Howell,0.48
Justin Currie,0.48
Jordan Campbell,0.48
Kourtnei Brown,0.48
James Winchester,0.48
Earl Okine,0.48
Willie Snead,0.48
Ricky Havili-Heimuli,0.48
Jacob Schum,0.48
Zac Kerin,0.48
James Gayle,0.48
Dion Bailey,0.48
Michael Williams,0.48
Jeremiah Warren,0.48
Travis Howard,0.48
Shayne Skov,0.48
Nikita Whitlock,0.48
Drew Nowak,0.48
Alejandro Villanueva,0.48
Kona Schwenke,0.48
Jason Weaver,0.48
R.J. Dill,0.48
Torrence Allen,0.48
Brandon Coleman,0.48
Craig Watts,0.48
Shaquil Barrett,0.48
John Fullington,0.48
James Ferentz,0.48
Adam Replogle,0.48
Cody Clay,0.48
Rashad Ross,0.48
Josh Walker,0.48
John Chiles,0.48
Curtis Feigt,0.48
Jordan Thompson,0.48
Tim Toone,0.48
Cornelius Brown,0.48
Dontrelle Inman,0.473
Scott Lutrus,0.465
Jeff Byers,0.465
Jordan Devey,0.465
Nic Jacobs,0.465
Carter Bykowski,0.465
Chris Matthews,0.465
Marcus Harris,0.465
Marcus Burley,0.465
Daniel Sorensen,0.465
Sheldon Price,0.465
Adam Thielen,0.465
T.J. Fatinikun,0.465
Tress Way,0.465
Jerome Cunningham,0.465
Nicholas Williams,0.465
Ricardo Allen,0.465
T.J. Johnson,0.465
Antonio Andrews,0.465
Charcandrick West,0.465
Terrance Mitchell,0.465
Ryan Groy,0.465
Andrew Depaola,0.465
Brandon McManus,0.465
Cooper Helfet,0.465
Austin Johnson,0.465
Jeff Adams,0.465
Orleans Darkwa,0.465
Cordarro Law,0.465
Jacquies Smith,0.465
Darren Fells,0.465
Jamie Meder,0.465
Bruce Gaston,0.465
Lawrence Virgil,0.465
Corey Fuller,0.465
Colton Schmidt,0.465
Mohammed Seisay,0.465
Jeremiah George,0.465
Matt Hazel,0.465
Brandon Copeland,0.46
Bradley McDougald,0.45
Dan DePalma,0.45
Josh McNary,0.45
Jonathan Krause,0.445
Seth Roberts,0.435
Matt Paradis,0.435
Kelvin Palmer,0.435
Jesse Williams,0.435
Travis Harvey,0.435
Travis Coons,0.435
Raheem Mostert,0.435
Austin Brown,0.435
Rob Blanchflower,0.435
Justin Coleman,0.435
Davonte Wallace,0.435
Terrence Magee,0.435
Roosevelt Nix,0.435
Zach Hocker,0.435
Ifeanyi Momah,0.435
Rufus Johnson,0.435
Bennie Fowler,0.435
Zach Thompson,0.435
Bennett Jackson,0.435
Mitchell Van Dyk,0.435
Adrian Davis,0.433
Greg Orton,0.42
Vidal Hazelton,0.405
Everrette Thompson,0.405
